solid OpenSCAD_Model
  facet normal -0.998731 0.0503668 0
    outer loop
      vertex -63.6168 68.9226 5
      vertex -63.6168 68.9226 0
      vertex -63.6846 67.5795 5
    endloop
  endfacet
  facet normal -0.998731 0.0503668 0
    outer loop
      vertex -63.6846 67.5795 5
      vertex -63.6168 68.9226 0
      vertex -63.6846 67.5795 0
    endloop
  endfacet
  facet normal -0.998731 -0.0503668 0
    outer loop
      vertex -63.6168 66.2364 5
      vertex -63.6846 67.5795 5
      vertex -63.6168 66.2364 0
    endloop
  endfacet
  facet normal -0.998731 -0.0503668 0
    outer loop
      vertex -63.6168 66.2364 0
      vertex -63.6846 67.5795 5
      vertex -63.6846 67.5795 0
    endloop
  endfacet
  facet normal -0 0 -1
    outer loop
      vertex -63.4179 70.2268 0
      vertex -63.0942 71.4858 0
      vertex -63.6168 68.9226 0
    endloop
  endfacet
  facet normal 0 0 -1
    outer loop
      vertex -63.6168 68.9226 0
      vertex -63.0942 71.4858 0
      vertex -62.6525 72.6928 0
    endloop
  endfacet
  facet normal 0 0 -1
    outer loop
      vertex -63.6168 68.9226 0
      vertex -62.6525 72.6928 0
      vertex -62.0993 73.8409 0
    endloop
  endfacet
  facet normal 0 0 -1
    outer loop
      vertex -63.6168 68.9226 0
      vertex -62.0993 73.8409 0
      vertex -61.4412 74.9241 0
    endloop
  endfacet
  facet normal 0 0 -1
    outer loop
      vertex -63.6168 68.9226 0
      vertex -61.4412 74.9241 0
      vertex -60.6851 75.9353 0
    endloop
  endfacet
  facet normal 0 0 -1
    outer loop
      vertex -63.6168 68.9226 0
      vertex -60.6851 75.9353 0
      vertex -59.8373 76.868 0
    endloop
  endfacet
  facet normal 0 0 -1
    outer loop
      vertex -63.6168 68.9226 0
      vertex -59.8373 76.868 0
      vertex -58.9043 77.7161 0
    endloop
  endfacet
  facet normal 0 0 -1
    outer loop
      vertex -63.6168 68.9226 0
      vertex -58.9043 77.7161 0
      vertex -57.8931 78.4722 0
    endloop
  endfacet
  facet normal 0 0 -1
    outer loop
      vertex -63.6168 68.9226 0
      vertex -57.8931 78.4722 0
      vertex -56.8099 79.13 0
    endloop
  endfacet
  facet normal 0 0 -1
    outer loop
      vertex -63.6168 68.9226 0
      vertex -56.8099 79.13 0
      vertex -55.6618 79.6832 0
    endloop
  endfacet
  facet normal 0 0 -1
    outer loop
      vertex -63.6168 68.9226 0
      vertex -55.6618 79.6832 0
      vertex -54.4548 80.1251 0
    endloop
  endfacet
  facet normal 0 0 -1
    outer loop
      vertex -63.6168 68.9226 0
      vertex -54.4548 80.1251 0
      vertex -53.1961 80.4489 0
    endloop
  endfacet
  facet normal 0 0 -1
    outer loop
      vertex -63.6168 68.9226 0
      vertex -53.1961 80.4489 0
      vertex -51.8916 80.6478 0
    endloop
  endfacet
  facet normal 0 0 -1
    outer loop
      vertex -63.6168 68.9226 0
      vertex -51.8916 80.6478 0
      vertex -50.5485 80.7156 0
    endloop
  endfacet
  facet normal 0 0 -1
    outer loop
      vertex -63.6168 68.9226 0
      vertex -50.5485 80.7156 0
      vertex -49.2054 80.6478 0
    endloop
  endfacet
  facet normal 0 0 -1
    outer loop
      vertex -63.6168 68.9226 0
      vertex -49.2054 80.6478 0
      vertex -47.9013 80.4489 0
    endloop
  endfacet
  facet normal 0 0 -1
    outer loop
      vertex -63.6168 68.9226 0
      vertex -47.9013 80.4489 0
      vertex -46.6423 80.1251 0
    endloop
  endfacet
  facet normal 0 0 -1
    outer loop
      vertex -63.6168 68.9226 0
      vertex -46.6423 80.1251 0
      vertex -45.4355 79.6832 0
    endloop
  endfacet
  facet normal 0 0 -1
    outer loop
      vertex -63.6168 68.9226 0
      vertex -45.4355 79.6832 0
      vertex -44.2872 79.13 0
    endloop
  endfacet
  facet normal 0 0 -1
    outer loop
      vertex -63.6168 68.9226 0
      vertex -44.2872 79.13 0
      vertex -43.204 78.4722 0
    endloop
  endfacet
  facet normal 0 0 -1
    outer loop
      vertex -63.6168 68.9226 0
      vertex -43.204 78.4722 0
      vertex -42.1928 77.7161 0
    endloop
  endfacet
  facet normal 0 0 -1
    outer loop
      vertex -63.6168 68.9226 0
      vertex -42.1928 77.7161 0
      vertex -41.26 76.868 0
    endloop
  endfacet
  facet normal 0 0 -1
    outer loop
      vertex -63.6168 68.9226 0
      vertex -41.26 76.868 0
      vertex -40.4122 75.9353 0
    endloop
  endfacet
  facet normal 0 0 -1
    outer loop
      vertex -63.6168 68.9226 0
      vertex -40.4122 75.9353 0
      vertex -39.6559 74.9241 0
    endloop
  endfacet
  facet normal 0 0 -1
    outer loop
      vertex -63.6168 68.9226 0
      vertex -39.6559 74.9241 0
      vertex -38.998 73.8409 0
    endloop
  endfacet
  facet normal 0 0 -1
    outer loop
      vertex -63.6168 68.9226 0
      vertex -38.998 73.8409 0
      vertex -38.4449 72.6928 0
    endloop
  endfacet
  facet normal 0 0 -1
    outer loop
      vertex -63.6168 68.9226 0
      vertex -38.4449 72.6928 0
      vertex -38.0029 71.4858 0
    endloop
  endfacet
  facet normal 0 0 -1
    outer loop
      vertex -63.6168 68.9226 0
      vertex -38.0029 71.4858 0
      vertex -37.6792 70.2268 0
    endloop
  endfacet
  facet normal -0 0 -1
    outer loop
      vertex -63.6168 68.9226 0
      vertex -37.6792 70.2268 0
      vertex -37.4802 68.9226 0
    endloop
  endfacet
  facet normal 0 0 -1
    outer loop
      vertex -63.6168 68.9226 0
      vertex -37.4802 68.9226 0
      vertex -37.4125 67.5795 0
    endloop
  endfacet
  facet normal 0 0 -1
    outer loop
      vertex -63.6168 68.9226 0
      vertex -37.4125 67.5795 0
      vertex -37.4802 66.2364 0
    endloop
  endfacet
  facet normal 0 0 -1
    outer loop
      vertex -63.6168 68.9226 0
      vertex -37.4802 66.2364 0
      vertex -37.6792 64.9323 0
    endloop
  endfacet
  facet normal 0 0 -1
    outer loop
      vertex -63.6168 68.9226 0
      vertex -37.6792 64.9323 0
      vertex -38.0029 63.6733 0
    endloop
  endfacet
  facet normal 0 0 -1
    outer loop
      vertex -63.6168 68.9226 0
      vertex -38.0029 63.6733 0
      vertex -38.4449 62.4665 0
    endloop
  endfacet
  facet normal 0 0 -1
    outer loop
      vertex -63.6168 68.9226 0
      vertex -38.4449 62.4665 0
      vertex -38.998 61.3181 0
    endloop
  endfacet
  facet normal 0 0 -1
    outer loop
      vertex -63.6168 68.9226 0
      vertex -38.998 61.3181 0
      vertex -39.6559 60.235 0
    endloop
  endfacet
  facet normal 0 0 -1
    outer loop
      vertex -63.6168 68.9226 0
      vertex -39.6559 60.235 0
      vertex -40.4122 59.2238 0
    endloop
  endfacet
  facet normal 0 0 -1
    outer loop
      vertex -63.6168 68.9226 0
      vertex -40.4122 59.2238 0
      vertex -41.26 58.291 0
    endloop
  endfacet
  facet normal 0 0 -1
    outer loop
      vertex -63.6168 68.9226 0
      vertex -41.26 58.291 0
      vertex -42.1928 57.4429 0
    endloop
  endfacet
  facet normal 0 0 -1
    outer loop
      vertex -63.6168 68.9226 0
      vertex -42.1928 57.4429 0
      vertex -43.204 56.6869 0
    endloop
  endfacet
  facet normal 0 0 -1
    outer loop
      vertex -63.6168 68.9226 0
      vertex -43.204 56.6869 0
      vertex -44.2872 56.029 0
    endloop
  endfacet
  facet normal 0 0 -1
    outer loop
      vertex -63.6168 68.9226 0
      vertex -44.2872 56.029 0
      vertex -45.4355 55.4759 0
    endloop
  endfacet
  facet normal 0 0 -1
    outer loop
      vertex -63.6168 68.9226 0
      vertex -45.4355 55.4759 0
      vertex -46.6423 55.0339 0
    endloop
  endfacet
  facet normal 0 0 -1
    outer loop
      vertex -63.6168 68.9226 0
      vertex -46.6423 55.0339 0
      vertex -47.9013 54.7102 0
    endloop
  endfacet
  facet normal 0 0 -1
    outer loop
      vertex -63.6168 68.9226 0
      vertex -47.9013 54.7102 0
      vertex -49.2054 54.5112 0
    endloop
  endfacet
  facet normal 0 0 -1
    outer loop
      vertex -63.6168 68.9226 0
      vertex -49.2054 54.5112 0
      vertex -50.5485 54.4435 0
    endloop
  endfacet
  facet normal 0 0 -1
    outer loop
      vertex -63.6168 68.9226 0
      vertex -50.5485 54.4435 0
      vertex -51.8916 54.5112 0
    endloop
  endfacet
  facet normal 0 0 -1
    outer loop
      vertex -63.6168 68.9226 0
      vertex -51.8916 54.5112 0
      vertex -53.1961 54.7102 0
    endloop
  endfacet
  facet normal 0 0 -1
    outer loop
      vertex -63.6168 68.9226 0
      vertex -53.1961 54.7102 0
      vertex -54.4548 55.0339 0
    endloop
  endfacet
  facet normal 0 0 -1
    outer loop
      vertex -63.6168 68.9226 0
      vertex -54.4548 55.0339 0
      vertex -55.6618 55.4759 0
    endloop
  endfacet
  facet normal 0 0 -1
    outer loop
      vertex -63.6168 68.9226 0
      vertex -55.6618 55.4759 0
      vertex -56.8099 56.029 0
    endloop
  endfacet
  facet normal 0 0 -1
    outer loop
      vertex -63.6168 68.9226 0
      vertex -56.8099 56.029 0
      vertex -57.8931 56.6869 0
    endloop
  endfacet
  facet normal 0 0 -1
    outer loop
      vertex -63.6168 68.9226 0
      vertex -57.8931 56.6869 0
      vertex -58.9043 57.4429 0
    endloop
  endfacet
  facet normal 0 0 -1
    outer loop
      vertex -63.6168 68.9226 0
      vertex -58.9043 57.4429 0
      vertex -59.8373 58.291 0
    endloop
  endfacet
  facet normal 0 0 -1
    outer loop
      vertex -63.6168 68.9226 0
      vertex -59.8373 58.291 0
      vertex -60.6851 59.2238 0
    endloop
  endfacet
  facet normal 0 0 -1
    outer loop
      vertex -63.6168 68.9226 0
      vertex -60.6851 59.2238 0
      vertex -61.4412 60.235 0
    endloop
  endfacet
  facet normal 0 0 -1
    outer loop
      vertex -63.6168 68.9226 0
      vertex -61.4412 60.235 0
      vertex -62.0993 61.3181 0
    endloop
  endfacet
  facet normal 0 0 -1
    outer loop
      vertex -63.6168 68.9226 0
      vertex -62.0993 61.3181 0
      vertex -62.6525 62.4665 0
    endloop
  endfacet
  facet normal 0 0 -1
    outer loop
      vertex -63.6168 68.9226 0
      vertex -62.6525 62.4665 0
      vertex -63.0942 63.6733 0
    endloop
  endfacet
  facet normal 0 0 -1
    outer loop
      vertex -63.6168 68.9226 0
      vertex -63.0942 63.6733 0
      vertex -63.4179 64.9323 0
    endloop
  endfacet
  facet normal 0 0 -1
    outer loop
      vertex -63.6168 68.9226 0
      vertex -63.4179 64.9323 0
      vertex -63.6168 66.2364 0
    endloop
  endfacet
  facet normal 0 0 -1
    outer loop
      vertex -63.6168 68.9226 0
      vertex -63.6168 66.2364 0
      vertex -63.6846 67.5795 0
    endloop
  endfacet
  facet normal 0 0 1
    outer loop
      vertex -63.6168 66.2364 5
      vertex -63.4179 64.9323 5
      vertex -63.0942 63.6733 5
    endloop
  endfacet
  facet normal 0 0 1
    outer loop
      vertex -62.0993 61.3181 5
      vertex -63.6168 66.2364 5
      vertex -62.6525 62.4665 5
    endloop
  endfacet
  facet normal 0 0 1
    outer loop
      vertex -62.6525 62.4665 5
      vertex -63.6168 66.2364 5
      vertex -63.0942 63.6733 5
    endloop
  endfacet
  facet normal 0 0 1
    outer loop
      vertex -61.4412 60.235 5
      vertex -63.6168 66.2364 5
      vertex -62.0993 61.3181 5
    endloop
  endfacet
  facet normal 0 0 1
    outer loop
      vertex -60.6851 59.2238 5
      vertex -63.6168 66.2364 5
      vertex -61.4412 60.235 5
    endloop
  endfacet
  facet normal 0 0 1
    outer loop
      vertex -59.8373 58.291 5
      vertex -63.6168 66.2364 5
      vertex -60.6851 59.2238 5
    endloop
  endfacet
  facet normal 0 0 1
    outer loop
      vertex -58.9043 57.4429 5
      vertex -63.6168 66.2364 5
      vertex -59.8373 58.291 5
    endloop
  endfacet
  facet normal 0 0 1
    outer loop
      vertex -57.8931 56.6869 5
      vertex -63.6168 66.2364 5
      vertex -58.9043 57.4429 5
    endloop
  endfacet
  facet normal 0 0 1
    outer loop
      vertex -56.8099 56.029 5
      vertex -63.6168 66.2364 5
      vertex -57.8931 56.6869 5
    endloop
  endfacet
  facet normal 0 0 1
    outer loop
      vertex -55.6618 55.4759 5
      vertex -63.6168 66.2364 5
      vertex -56.8099 56.029 5
    endloop
  endfacet
  facet normal 0 0 1
    outer loop
      vertex -54.4548 55.0339 5
      vertex -63.6168 66.2364 5
      vertex -55.6618 55.4759 5
    endloop
  endfacet
  facet normal 0 0 1
    outer loop
      vertex -53.1961 54.7102 5
      vertex -63.6168 66.2364 5
      vertex -54.4548 55.0339 5
    endloop
  endfacet
  facet normal 0 0 1
    outer loop
      vertex -51.8916 54.5112 5
      vertex -63.6168 66.2364 5
      vertex -53.1961 54.7102 5
    endloop
  endfacet
  facet normal 0 0 1
    outer loop
      vertex -50.5485 54.4435 5
      vertex -63.6168 66.2364 5
      vertex -51.8916 54.5112 5
    endloop
  endfacet
  facet normal -0 0 1
    outer loop
      vertex -49.2054 54.5112 5
      vertex -63.6168 66.2364 5
      vertex -50.5485 54.4435 5
    endloop
  endfacet
  facet normal -0 0 1
    outer loop
      vertex -47.9013 54.7102 5
      vertex -63.6168 66.2364 5
      vertex -49.2054 54.5112 5
    endloop
  endfacet
  facet normal -0 0 1
    outer loop
      vertex -46.6423 55.0339 5
      vertex -63.6168 66.2364 5
      vertex -47.9013 54.7102 5
    endloop
  endfacet
  facet normal -0 0 1
    outer loop
      vertex -45.4355 55.4759 5
      vertex -63.6168 66.2364 5
      vertex -46.6423 55.0339 5
    endloop
  endfacet
  facet normal -0 0 1
    outer loop
      vertex -44.2872 56.029 5
      vertex -63.6168 66.2364 5
      vertex -45.4355 55.4759 5
    endloop
  endfacet
  facet normal -0 0 1
    outer loop
      vertex -43.204 56.6869 5
      vertex -63.6168 66.2364 5
      vertex -44.2872 56.029 5
    endloop
  endfacet
  facet normal -0 0 1
    outer loop
      vertex -42.1928 57.4429 5
      vertex -63.6168 66.2364 5
      vertex -43.204 56.6869 5
    endloop
  endfacet
  facet normal -0 0 1
    outer loop
      vertex -41.26 58.291 5
      vertex -63.6168 66.2364 5
      vertex -42.1928 57.4429 5
    endloop
  endfacet
  facet normal -0 0 1
    outer loop
      vertex -40.4122 59.2238 5
      vertex -63.6168 66.2364 5
      vertex -41.26 58.291 5
    endloop
  endfacet
  facet normal -0 0 1
    outer loop
      vertex -39.6559 60.235 5
      vertex -63.6168 66.2364 5
      vertex -40.4122 59.2238 5
    endloop
  endfacet
  facet normal -0 0 1
    outer loop
      vertex -38.998 61.3181 5
      vertex -63.6168 66.2364 5
      vertex -39.6559 60.235 5
    endloop
  endfacet
  facet normal -0 0 1
    outer loop
      vertex -38.4449 62.4665 5
      vertex -63.6168 66.2364 5
      vertex -38.998 61.3181 5
    endloop
  endfacet
  facet normal -0 0 1
    outer loop
      vertex -38.0029 63.6733 5
      vertex -63.6168 66.2364 5
      vertex -38.4449 62.4665 5
    endloop
  endfacet
  facet normal -0 0 1
    outer loop
      vertex -37.6792 64.9323 5
      vertex -63.6168 66.2364 5
      vertex -38.0029 63.6733 5
    endloop
  endfacet
  facet normal 0 0 1
    outer loop
      vertex -37.4802 66.2364 5
      vertex -63.6168 66.2364 5
      vertex -37.6792 64.9323 5
    endloop
  endfacet
  facet normal 0 0 1
    outer loop
      vertex -37.4125 67.5795 5
      vertex -63.6168 66.2364 5
      vertex -37.4802 66.2364 5
    endloop
  endfacet
  facet normal 0 -0 1
    outer loop
      vertex -37.4802 68.9226 5
      vertex -63.6168 66.2364 5
      vertex -37.4125 67.5795 5
    endloop
  endfacet
  facet normal 0 -0 1
    outer loop
      vertex -37.6792 70.2268 5
      vertex -63.6168 66.2364 5
      vertex -37.4802 68.9226 5
    endloop
  endfacet
  facet normal 0 -0 1
    outer loop
      vertex -38.0029 71.4858 5
      vertex -63.6168 66.2364 5
      vertex -37.6792 70.2268 5
    endloop
  endfacet
  facet normal 0 -0 1
    outer loop
      vertex -38.4449 72.6928 5
      vertex -63.6168 66.2364 5
      vertex -38.0029 71.4858 5
    endloop
  endfacet
  facet normal 0 -0 1
    outer loop
      vertex -38.998 73.8409 5
      vertex -63.6168 66.2364 5
      vertex -38.4449 72.6928 5
    endloop
  endfacet
  facet normal 0 -0 1
    outer loop
      vertex -39.6559 74.9241 5
      vertex -63.6168 66.2364 5
      vertex -38.998 73.8409 5
    endloop
  endfacet
  facet normal 0 -0 1
    outer loop
      vertex -40.4122 75.9353 5
      vertex -63.6168 66.2364 5
      vertex -39.6559 74.9241 5
    endloop
  endfacet
  facet normal 0 -0 1
    outer loop
      vertex -41.26 76.868 5
      vertex -63.6168 66.2364 5
      vertex -40.4122 75.9353 5
    endloop
  endfacet
  facet normal 0 -0 1
    outer loop
      vertex -42.1928 77.7161 5
      vertex -63.6168 66.2364 5
      vertex -41.26 76.868 5
    endloop
  endfacet
  facet normal 0 -0 1
    outer loop
      vertex -43.204 78.4722 5
      vertex -63.6168 66.2364 5
      vertex -42.1928 77.7161 5
    endloop
  endfacet
  facet normal 0 -0 1
    outer loop
      vertex -44.2872 79.13 5
      vertex -63.6168 66.2364 5
      vertex -43.204 78.4722 5
    endloop
  endfacet
  facet normal 0 -0 1
    outer loop
      vertex -45.4355 79.6832 5
      vertex -63.6168 66.2364 5
      vertex -44.2872 79.13 5
    endloop
  endfacet
  facet normal 0 -0 1
    outer loop
      vertex -46.6423 80.1251 5
      vertex -63.6168 66.2364 5
      vertex -45.4355 79.6832 5
    endloop
  endfacet
  facet normal 0 -0 1
    outer loop
      vertex -47.9013 80.4489 5
      vertex -63.6168 66.2364 5
      vertex -46.6423 80.1251 5
    endloop
  endfacet
  facet normal 0 -0 1
    outer loop
      vertex -49.2054 80.6478 5
      vertex -63.6168 66.2364 5
      vertex -47.9013 80.4489 5
    endloop
  endfacet
  facet normal 0 -0 1
    outer loop
      vertex -50.5485 80.7156 5
      vertex -63.6168 66.2364 5
      vertex -49.2054 80.6478 5
    endloop
  endfacet
  facet normal 0 -0 1
    outer loop
      vertex -51.8916 80.6478 5
      vertex -63.6168 66.2364 5
      vertex -50.5485 80.7156 5
    endloop
  endfacet
  facet normal 0 -0 1
    outer loop
      vertex -53.1961 80.4489 5
      vertex -63.6168 66.2364 5
      vertex -51.8916 80.6478 5
    endloop
  endfacet
  facet normal 0 -0 1
    outer loop
      vertex -54.4548 80.1251 5
      vertex -63.6168 66.2364 5
      vertex -53.1961 80.4489 5
    endloop
  endfacet
  facet normal 0 -0 1
    outer loop
      vertex -55.6618 79.6832 5
      vertex -63.6168 66.2364 5
      vertex -54.4548 80.1251 5
    endloop
  endfacet
  facet normal 0 -0 1
    outer loop
      vertex -56.8099 79.13 5
      vertex -63.6168 66.2364 5
      vertex -55.6618 79.6832 5
    endloop
  endfacet
  facet normal 0 -0 1
    outer loop
      vertex -57.8931 78.4722 5
      vertex -63.6168 66.2364 5
      vertex -56.8099 79.13 5
    endloop
  endfacet
  facet normal 0 -0 1
    outer loop
      vertex -58.9043 77.7161 5
      vertex -63.6168 66.2364 5
      vertex -57.8931 78.4722 5
    endloop
  endfacet
  facet normal 0 -0 1
    outer loop
      vertex -59.8373 76.868 5
      vertex -63.6168 66.2364 5
      vertex -58.9043 77.7161 5
    endloop
  endfacet
  facet normal 0 -0 1
    outer loop
      vertex -60.6851 75.9353 5
      vertex -63.6168 66.2364 5
      vertex -59.8373 76.868 5
    endloop
  endfacet
  facet normal 0 -0 1
    outer loop
      vertex -61.4412 74.9241 5
      vertex -63.6168 66.2364 5
      vertex -60.6851 75.9353 5
    endloop
  endfacet
  facet normal 0 -0 1
    outer loop
      vertex -62.0993 73.8409 5
      vertex -63.6168 66.2364 5
      vertex -61.4412 74.9241 5
    endloop
  endfacet
  facet normal 0 -0 1
    outer loop
      vertex -62.6525 72.6928 5
      vertex -63.6168 66.2364 5
      vertex -62.0993 73.8409 5
    endloop
  endfacet
  facet normal 0 -0 1
    outer loop
      vertex -63.0942 71.4858 5
      vertex -63.6168 66.2364 5
      vertex -62.6525 72.6928 5
    endloop
  endfacet
  facet normal 0 -0 1
    outer loop
      vertex -63.4179 70.2268 5
      vertex -63.6168 66.2364 5
      vertex -63.0942 71.4858 5
    endloop
  endfacet
  facet normal 0 -0 1
    outer loop
      vertex -63.6168 68.9226 5
      vertex -63.6168 66.2364 5
      vertex -63.4179 70.2268 5
    endloop
  endfacet
  facet normal 0 0 1
    outer loop
      vertex -63.6846 67.5795 5
      vertex -63.6168 66.2364 5
      vertex -63.6168 68.9226 5
    endloop
  endfacet
  facet normal -0.988561 0.150819 0
    outer loop
      vertex -63.4179 70.2268 5
      vertex -63.4179 70.2268 0
      vertex -63.6168 68.9226 5
    endloop
  endfacet
  facet normal -0.988561 0.150819 0
    outer loop
      vertex -63.6168 68.9226 5
      vertex -63.4179 70.2268 0
      vertex -63.6168 68.9226 0
    endloop
  endfacet
  facet normal -0.988561 -0.150819 0
    outer loop
      vertex -63.4179 64.9323 5
      vertex -63.6168 66.2364 5
      vertex -63.4179 64.9323 0
    endloop
  endfacet
  facet normal -0.988561 -0.150819 0
    outer loop
      vertex -63.4179 64.9323 0
      vertex -63.6168 66.2364 5
      vertex -63.6168 66.2364 0
    endloop
  endfacet
  facet normal -0.968499 -0.249018 0
    outer loop
      vertex -63.0942 63.6733 5
      vertex -63.4179 64.9323 5
      vertex -63.0942 63.6733 0
    endloop
  endfacet
  facet normal -0.968499 -0.249018 0
    outer loop
      vertex -63.0942 63.6733 0
      vertex -63.4179 64.9323 5
      vertex -63.4179 64.9323 0
    endloop
  endfacet
  facet normal -0.93908 -0.3437 0
    outer loop
      vertex -62.6525 62.4665 5
      vertex -63.0942 63.6733 5
      vertex -62.6525 62.4665 0
    endloop
  endfacet
  facet normal -0.93908 -0.3437 0
    outer loop
      vertex -62.6525 62.4665 0
      vertex -63.0942 63.6733 5
      vertex -63.0942 63.6733 0
    endloop
  endfacet
  facet normal -0.900928 -0.433969 0
    outer loop
      vertex -62.0993 61.3181 5
      vertex -62.6525 62.4665 5
      vertex -62.0993 61.3181 0
    endloop
  endfacet
  facet normal -0.900928 -0.433969 0
    outer loop
      vertex -62.0993 61.3181 0
      vertex -62.6525 62.4665 5
      vertex -62.6525 62.4665 0
    endloop
  endfacet
  facet normal -0.854611 -0.519269 0
    outer loop
      vertex -61.4412 60.235 5
      vertex -62.0993 61.3181 5
      vertex -61.4412 60.235 0
    endloop
  endfacet
  facet normal -0.854611 -0.519269 0
    outer loop
      vertex -61.4412 60.235 0
      vertex -62.0993 61.3181 5
      vertex -62.0993 61.3181 0
    endloop
  endfacet
  facet normal -0.800884 -0.598819 0
    outer loop
      vertex -60.6851 59.2238 5
      vertex -61.4412 60.235 5
      vertex -60.6851 59.2238 0
    endloop
  endfacet
  facet normal -0.800884 -0.598819 0
    outer loop
      vertex -60.6851 59.2238 0
      vertex -61.4412 60.235 5
      vertex -61.4412 60.235 0
    endloop
  endfacet
  facet normal -0.740001 -0.672606 0
    outer loop
      vertex -59.8373 58.291 5
      vertex -60.6851 59.2238 5
      vertex -59.8373 58.291 0
    endloop
  endfacet
  facet normal -0.740001 -0.672606 0
    outer loop
      vertex -59.8373 58.291 0
      vertex -60.6851 59.2238 5
      vertex -60.6851 59.2238 0
    endloop
  endfacet
  facet normal -0.672617 -0.739991 -0
    outer loop
      vertex -58.9043 57.4429 0
      vertex -58.9043 57.4429 5
      vertex -59.8373 58.291 5
    endloop
  endfacet
  facet normal -0.672617 -0.739991 -0
    outer loop
      vertex -59.8373 58.291 0
      vertex -58.9043 57.4429 0
      vertex -59.8373 58.291 5
    endloop
  endfacet
  facet normal -0.598819 -0.800884 -0
    outer loop
      vertex -57.8931 56.6869 0
      vertex -57.8931 56.6869 5
      vertex -58.9043 57.4429 5
    endloop
  endfacet
  facet normal -0.598819 -0.800884 -0
    outer loop
      vertex -58.9043 57.4429 0
      vertex -57.8931 56.6869 0
      vertex -58.9043 57.4429 5
    endloop
  endfacet
  facet normal -0.519106 -0.85471 -0
    outer loop
      vertex -56.8099 56.029 0
      vertex -56.8099 56.029 5
      vertex -57.8931 56.6869 5
    endloop
  endfacet
  facet normal -0.519106 -0.85471 -0
    outer loop
      vertex -57.8931 56.6869 0
      vertex -56.8099 56.029 0
      vertex -57.8931 56.6869 5
    endloop
  endfacet
  facet normal -0.434055 -0.900886 -0
    outer loop
      vertex -55.6618 55.4759 0
      vertex -55.6618 55.4759 5
      vertex -56.8099 56.029 5
    endloop
  endfacet
  facet normal -0.434055 -0.900886 -0
    outer loop
      vertex -56.8099 56.029 0
      vertex -55.6618 55.4759 0
      vertex -56.8099 56.029 5
    endloop
  endfacet
  facet normal -0.343822 -0.939035 -0
    outer loop
      vertex -54.4548 55.0339 0
      vertex -54.4548 55.0339 5
      vertex -55.6618 55.4759 5
    endloop
  endfacet
  facet normal -0.343822 -0.939035 -0
    outer loop
      vertex -55.6618 55.4759 0
      vertex -54.4548 55.0339 0
      vertex -55.6618 55.4759 5
    endloop
  endfacet
  facet normal -0.24907 -0.968485 -0
    outer loop
      vertex -53.1961 54.7102 0
      vertex -53.1961 54.7102 5
      vertex -54.4548 55.0339 5
    endloop
  endfacet
  facet normal -0.24907 -0.968485 -0
    outer loop
      vertex -54.4548 55.0339 0
      vertex -53.1961 54.7102 0
      vertex -54.4548 55.0339 5
    endloop
  endfacet
  facet normal -0.150787 -0.988566 -0
    outer loop
      vertex -51.8916 54.5112 0
      vertex -51.8916 54.5112 5
      vertex -53.1961 54.7102 5
    endloop
  endfacet
  facet normal -0.150787 -0.988566 -0
    outer loop
      vertex -53.1961 54.7102 0
      vertex -51.8916 54.5112 0
      vertex -53.1961 54.7102 5
    endloop
  endfacet
  facet normal -0.0503668 -0.998731 -0
    outer loop
      vertex -50.5485 54.4435 0
      vertex -50.5485 54.4435 5
      vertex -51.8916 54.5112 5
    endloop
  endfacet
  facet normal -0.0503668 -0.998731 -0
    outer loop
      vertex -51.8916 54.5112 0
      vertex -50.5485 54.4435 0
      vertex -51.8916 54.5112 5
    endloop
  endfacet
  facet normal 0.0503668 -0.998731 0
    outer loop
      vertex -49.2054 54.5112 0
      vertex -49.2054 54.5112 5
      vertex -50.5485 54.4435 5
    endloop
  endfacet
  facet normal 0.0503668 -0.998731 0
    outer loop
      vertex -50.5485 54.4435 0
      vertex -49.2054 54.5112 0
      vertex -50.5485 54.4435 5
    endloop
  endfacet
  facet normal 0.150819 -0.988561 0
    outer loop
      vertex -47.9013 54.7102 0
      vertex -47.9013 54.7102 5
      vertex -49.2054 54.5112 5
    endloop
  endfacet
  facet normal 0.150819 -0.988561 0
    outer loop
      vertex -49.2054 54.5112 0
      vertex -47.9013 54.7102 0
      vertex -49.2054 54.5112 5
    endloop
  endfacet
  facet normal 0.249018 -0.968499 0
    outer loop
      vertex -46.6423 55.0339 0
      vertex -46.6423 55.0339 5
      vertex -47.9013 54.7102 5
    endloop
  endfacet
  facet normal 0.249018 -0.968499 0
    outer loop
      vertex -47.9013 54.7102 0
      vertex -46.6423 55.0339 0
      vertex -47.9013 54.7102 5
    endloop
  endfacet
  facet normal 0.343893 -0.939009 0
    outer loop
      vertex -45.4355 55.4759 0
      vertex -45.4355 55.4759 5
      vertex -46.6423 55.0339 5
    endloop
  endfacet
  facet normal 0.343893 -0.939009 0
    outer loop
      vertex -46.6423 55.0339 0
      vertex -45.4355 55.4759 0
      vertex -46.6423 55.0339 5
    endloop
  endfacet
  facet normal 0.433969 -0.900928 0
    outer loop
      vertex -44.2872 56.029 0
      vertex -44.2872 56.029 5
      vertex -45.4355 55.4759 5
    endloop
  endfacet
  facet normal 0.433969 -0.900928 0
    outer loop
      vertex -45.4355 55.4759 0
      vertex -44.2872 56.029 0
      vertex -45.4355 55.4759 5
    endloop
  endfacet
  facet normal 0.519106 -0.85471 0
    outer loop
      vertex -43.204 56.6869 0
      vertex -43.204 56.6869 5
      vertex -44.2872 56.029 5
    endloop
  endfacet
  facet normal 0.519106 -0.85471 0
    outer loop
      vertex -44.2872 56.029 0
      vertex -43.204 56.6869 0
      vertex -44.2872 56.029 5
    endloop
  endfacet
  facet normal 0.598819 -0.800884 0
    outer loop
      vertex -42.1928 57.4429 0
      vertex -42.1928 57.4429 5
      vertex -43.204 56.6869 5
    endloop
  endfacet
  facet normal 0.598819 -0.800884 0
    outer loop
      vertex -43.204 56.6869 0
      vertex -42.1928 57.4429 0
      vertex -43.204 56.6869 5
    endloop
  endfacet
  facet normal 0.672729 -0.739889 0
    outer loop
      vertex -41.26 58.291 0
      vertex -41.26 58.291 5
      vertex -42.1928 57.4429 5
    endloop
  endfacet
  facet normal 0.672729 -0.739889 0
    outer loop
      vertex -42.1928 57.4429 0
      vertex -41.26 58.291 0
      vertex -42.1928 57.4429 5
    endloop
  endfacet
  facet normal 0.740001 -0.672606 0
    outer loop
      vertex -40.4122 59.2238 0
      vertex -40.4122 59.2238 5
      vertex -41.26 58.291 5
    endloop
  endfacet
  facet normal 0.740001 -0.672606 0
    outer loop
      vertex -41.26 58.291 0
      vertex -40.4122 59.2238 0
      vertex -41.26 58.291 5
    endloop
  endfacet
  facet normal 0.800777 -0.598962 0
    outer loop
      vertex -39.6559 60.235 0
      vertex -39.6559 60.235 5
      vertex -40.4122 59.2238 5
    endloop
  endfacet
  facet normal 0.800777 -0.598962 0
    outer loop
      vertex -40.4122 59.2238 0
      vertex -39.6559 60.235 0
      vertex -40.4122 59.2238 5
    endloop
  endfacet
  facet normal 0.85471 -0.519106 0
    outer loop
      vertex -38.998 61.3181 0
      vertex -38.998 61.3181 5
      vertex -39.6559 60.235 5
    endloop
  endfacet
  facet normal 0.85471 -0.519106 0
    outer loop
      vertex -39.6559 60.235 0
      vertex -38.998 61.3181 0
      vertex -39.6559 60.235 5
    endloop
  endfacet
  facet normal 0.900928 -0.433969 0
    outer loop
      vertex -38.4449 62.4665 0
      vertex -38.4449 62.4665 5
      vertex -38.998 61.3181 5
    endloop
  endfacet
  facet normal 0.900928 -0.433969 0
    outer loop
      vertex -38.998 61.3181 0
      vertex -38.4449 62.4665 0
      vertex -38.998 61.3181 5
    endloop
  endfacet
  facet normal 0.939009 -0.343893 0
    outer loop
      vertex -38.0029 63.6733 0
      vertex -38.0029 63.6733 5
      vertex -38.4449 62.4665 5
    endloop
  endfacet
  facet normal 0.939009 -0.343893 0
    outer loop
      vertex -38.4449 62.4665 0
      vertex -38.0029 63.6733 0
      vertex -38.4449 62.4665 5
    endloop
  endfacet
  facet normal 0.968499 -0.249018 0
    outer loop
      vertex -37.6792 64.9323 0
      vertex -37.6792 64.9323 5
      vertex -38.0029 63.6733 5
    endloop
  endfacet
  facet normal 0.968499 -0.249018 0
    outer loop
      vertex -38.0029 63.6733 0
      vertex -37.6792 64.9323 0
      vertex -38.0029 63.6733 5
    endloop
  endfacet
  facet normal 0.988561 -0.150819 0
    outer loop
      vertex -37.4802 66.2364 0
      vertex -37.4802 66.2364 5
      vertex -37.6792 64.9323 5
    endloop
  endfacet
  facet normal 0.988561 -0.150819 0
    outer loop
      vertex -37.6792 64.9323 0
      vertex -37.4802 66.2364 0
      vertex -37.6792 64.9323 5
    endloop
  endfacet
  facet normal 0.998731 -0.0503668 0
    outer loop
      vertex -37.4125 67.5795 0
      vertex -37.4125 67.5795 5
      vertex -37.4802 66.2364 5
    endloop
  endfacet
  facet normal 0.998731 -0.0503668 0
    outer loop
      vertex -37.4802 66.2364 0
      vertex -37.4125 67.5795 0
      vertex -37.4802 66.2364 5
    endloop
  endfacet
  facet normal 0.998731 0.0503668 0
    outer loop
      vertex -37.4802 68.9226 5
      vertex -37.4125 67.5795 5
      vertex -37.4125 67.5795 0
    endloop
  endfacet
  facet normal 0.998731 0.0503668 0
    outer loop
      vertex -37.4802 68.9226 0
      vertex -37.4802 68.9226 5
      vertex -37.4125 67.5795 0
    endloop
  endfacet
  facet normal 0.988561 0.150819 0
    outer loop
      vertex -37.6792 70.2268 5
      vertex -37.4802 68.9226 5
      vertex -37.4802 68.9226 0
    endloop
  endfacet
  facet normal 0.988561 0.150819 0
    outer loop
      vertex -37.6792 70.2268 0
      vertex -37.6792 70.2268 5
      vertex -37.4802 68.9226 0
    endloop
  endfacet
  facet normal 0.968499 0.249018 0
    outer loop
      vertex -38.0029 71.4858 5
      vertex -37.6792 70.2268 5
      vertex -37.6792 70.2268 0
    endloop
  endfacet
  facet normal 0.968499 0.249018 0
    outer loop
      vertex -38.0029 71.4858 0
      vertex -38.0029 71.4858 5
      vertex -37.6792 70.2268 0
    endloop
  endfacet
  facet normal 0.939035 0.343822 0
    outer loop
      vertex -38.4449 72.6928 5
      vertex -38.0029 71.4858 5
      vertex -38.0029 71.4858 0
    endloop
  endfacet
  facet normal 0.939035 0.343822 0
    outer loop
      vertex -38.4449 72.6928 0
      vertex -38.4449 72.6928 5
      vertex -38.0029 71.4858 0
    endloop
  endfacet
  facet normal 0.900886 0.434055 0
    outer loop
      vertex -38.998 73.8409 5
      vertex -38.4449 72.6928 5
      vertex -38.4449 72.6928 0
    endloop
  endfacet
  facet normal 0.900886 0.434055 0
    outer loop
      vertex -38.998 73.8409 0
      vertex -38.998 73.8409 5
      vertex -38.4449 72.6928 0
    endloop
  endfacet
  facet normal 0.85471 0.519106 0
    outer loop
      vertex -39.6559 74.9241 5
      vertex -38.998 73.8409 5
      vertex -38.998 73.8409 0
    endloop
  endfacet
  facet normal 0.85471 0.519106 0
    outer loop
      vertex -39.6559 74.9241 0
      vertex -39.6559 74.9241 5
      vertex -38.998 73.8409 0
    endloop
  endfacet
  facet normal 0.800777 0.598962 0
    outer loop
      vertex -40.4122 75.9353 5
      vertex -39.6559 74.9241 5
      vertex -39.6559 74.9241 0
    endloop
  endfacet
  facet normal 0.800777 0.598962 0
    outer loop
      vertex -40.4122 75.9353 0
      vertex -40.4122 75.9353 5
      vertex -39.6559 74.9241 0
    endloop
  endfacet
  facet normal 0.740001 0.672606 0
    outer loop
      vertex -41.26 76.868 5
      vertex -40.4122 75.9353 5
      vertex -40.4122 75.9353 0
    endloop
  endfacet
  facet normal 0.740001 0.672606 0
    outer loop
      vertex -41.26 76.868 0
      vertex -41.26 76.868 5
      vertex -40.4122 75.9353 0
    endloop
  endfacet
  facet normal 0.672729 0.739889 -0
    outer loop
      vertex -41.26 76.868 5
      vertex -41.26 76.868 0
      vertex -42.1928 77.7161 5
    endloop
  endfacet
  facet normal 0.672729 0.739889 -0
    outer loop
      vertex -42.1928 77.7161 5
      vertex -41.26 76.868 0
      vertex -42.1928 77.7161 0
    endloop
  endfacet
  facet normal 0.598819 0.800884 -0
    outer loop
      vertex -42.1928 77.7161 5
      vertex -42.1928 77.7161 0
      vertex -43.204 78.4722 5
    endloop
  endfacet
  facet normal 0.598819 0.800884 -0
    outer loop
      vertex -43.204 78.4722 5
      vertex -42.1928 77.7161 0
      vertex -43.204 78.4722 0
    endloop
  endfacet
  facet normal 0.519106 0.85471 -0
    outer loop
      vertex -43.204 78.4722 5
      vertex -43.204 78.4722 0
      vertex -44.2872 79.13 5
    endloop
  endfacet
  facet normal 0.519106 0.85471 -0
    outer loop
      vertex -44.2872 79.13 5
      vertex -43.204 78.4722 0
      vertex -44.2872 79.13 0
    endloop
  endfacet
  facet normal 0.433969 0.900928 -0
    outer loop
      vertex -44.2872 79.13 5
      vertex -44.2872 79.13 0
      vertex -45.4355 79.6832 5
    endloop
  endfacet
  facet normal 0.433969 0.900928 -0
    outer loop
      vertex -45.4355 79.6832 5
      vertex -44.2872 79.13 0
      vertex -45.4355 79.6832 0
    endloop
  endfacet
  facet normal 0.343893 0.939009 -0
    outer loop
      vertex -45.4355 79.6832 5
      vertex -45.4355 79.6832 0
      vertex -46.6423 80.1251 5
    endloop
  endfacet
  facet normal 0.343893 0.939009 -0
    outer loop
      vertex -46.6423 80.1251 5
      vertex -45.4355 79.6832 0
      vertex -46.6423 80.1251 0
    endloop
  endfacet
  facet normal 0.249018 0.968499 -0
    outer loop
      vertex -46.6423 80.1251 5
      vertex -46.6423 80.1251 0
      vertex -47.9013 80.4489 5
    endloop
  endfacet
  facet normal 0.249018 0.968499 -0
    outer loop
      vertex -47.9013 80.4489 5
      vertex -46.6423 80.1251 0
      vertex -47.9013 80.4489 0
    endloop
  endfacet
  facet normal 0.150819 0.988561 -0
    outer loop
      vertex -47.9013 80.4489 5
      vertex -47.9013 80.4489 0
      vertex -49.2054 80.6478 5
    endloop
  endfacet
  facet normal 0.150819 0.988561 -0
    outer loop
      vertex -49.2054 80.6478 5
      vertex -47.9013 80.4489 0
      vertex -49.2054 80.6478 0
    endloop
  endfacet
  facet normal 0.0503668 0.998731 -0
    outer loop
      vertex -49.2054 80.6478 5
      vertex -49.2054 80.6478 0
      vertex -50.5485 80.7156 5
    endloop
  endfacet
  facet normal 0.0503668 0.998731 -0
    outer loop
      vertex -50.5485 80.7156 5
      vertex -49.2054 80.6478 0
      vertex -50.5485 80.7156 0
    endloop
  endfacet
  facet normal -0.0503668 0.998731 0
    outer loop
      vertex -50.5485 80.7156 5
      vertex -50.5485 80.7156 0
      vertex -51.8916 80.6478 5
    endloop
  endfacet
  facet normal -0.0503668 0.998731 0
    outer loop
      vertex -51.8916 80.6478 5
      vertex -50.5485 80.7156 0
      vertex -51.8916 80.6478 0
    endloop
  endfacet
  facet normal -0.150787 0.988566 0
    outer loop
      vertex -51.8916 80.6478 5
      vertex -51.8916 80.6478 0
      vertex -53.1961 80.4489 5
    endloop
  endfacet
  facet normal -0.150787 0.988566 0
    outer loop
      vertex -53.1961 80.4489 5
      vertex -51.8916 80.6478 0
      vertex -53.1961 80.4489 0
    endloop
  endfacet
  facet normal -0.24907 0.968485 0
    outer loop
      vertex -53.1961 80.4489 5
      vertex -53.1961 80.4489 0
      vertex -54.4548 80.1251 5
    endloop
  endfacet
  facet normal -0.24907 0.968485 0
    outer loop
      vertex -54.4548 80.1251 5
      vertex -53.1961 80.4489 0
      vertex -54.4548 80.1251 0
    endloop
  endfacet
  facet normal -0.343822 0.939035 0
    outer loop
      vertex -54.4548 80.1251 5
      vertex -54.4548 80.1251 0
      vertex -55.6618 79.6832 5
    endloop
  endfacet
  facet normal -0.343822 0.939035 0
    outer loop
      vertex -55.6618 79.6832 5
      vertex -54.4548 80.1251 0
      vertex -55.6618 79.6832 0
    endloop
  endfacet
  facet normal -0.434055 0.900886 0
    outer loop
      vertex -55.6618 79.6832 5
      vertex -55.6618 79.6832 0
      vertex -56.8099 79.13 5
    endloop
  endfacet
  facet normal -0.434055 0.900886 0
    outer loop
      vertex -56.8099 79.13 5
      vertex -55.6618 79.6832 0
      vertex -56.8099 79.13 0
    endloop
  endfacet
  facet normal -0.519106 0.85471 0
    outer loop
      vertex -56.8099 79.13 5
      vertex -56.8099 79.13 0
      vertex -57.8931 78.4722 5
    endloop
  endfacet
  facet normal -0.519106 0.85471 0
    outer loop
      vertex -57.8931 78.4722 5
      vertex -56.8099 79.13 0
      vertex -57.8931 78.4722 0
    endloop
  endfacet
  facet normal -0.598819 0.800884 0
    outer loop
      vertex -57.8931 78.4722 5
      vertex -57.8931 78.4722 0
      vertex -58.9043 77.7161 5
    endloop
  endfacet
  facet normal -0.598819 0.800884 0
    outer loop
      vertex -58.9043 77.7161 5
      vertex -57.8931 78.4722 0
      vertex -58.9043 77.7161 0
    endloop
  endfacet
  facet normal -0.672617 0.739991 0
    outer loop
      vertex -58.9043 77.7161 5
      vertex -58.9043 77.7161 0
      vertex -59.8373 76.868 5
    endloop
  endfacet
  facet normal -0.672617 0.739991 0
    outer loop
      vertex -59.8373 76.868 5
      vertex -58.9043 77.7161 0
      vertex -59.8373 76.868 0
    endloop
  endfacet
  facet normal -0.740001 0.672606 0
    outer loop
      vertex -59.8373 76.868 5
      vertex -59.8373 76.868 0
      vertex -60.6851 75.9353 5
    endloop
  endfacet
  facet normal -0.740001 0.672606 0
    outer loop
      vertex -60.6851 75.9353 5
      vertex -59.8373 76.868 0
      vertex -60.6851 75.9353 0
    endloop
  endfacet
  facet normal -0.800884 0.598819 0
    outer loop
      vertex -60.6851 75.9353 5
      vertex -60.6851 75.9353 0
      vertex -61.4412 74.9241 5
    endloop
  endfacet
  facet normal -0.800884 0.598819 0
    outer loop
      vertex -61.4412 74.9241 5
      vertex -60.6851 75.9353 0
      vertex -61.4412 74.9241 0
    endloop
  endfacet
  facet normal -0.854611 0.519269 0
    outer loop
      vertex -61.4412 74.9241 5
      vertex -61.4412 74.9241 0
      vertex -62.0993 73.8409 5
    endloop
  endfacet
  facet normal -0.854611 0.519269 0
    outer loop
      vertex -62.0993 73.8409 5
      vertex -61.4412 74.9241 0
      vertex -62.0993 73.8409 0
    endloop
  endfacet
  facet normal -0.900886 0.434055 0
    outer loop
      vertex -62.0993 73.8409 5
      vertex -62.0993 73.8409 0
      vertex -62.6525 72.6928 5
    endloop
  endfacet
  facet normal -0.900886 0.434055 0
    outer loop
      vertex -62.6525 72.6928 5
      vertex -62.0993 73.8409 0
      vertex -62.6525 72.6928 0
    endloop
  endfacet
  facet normal -0.939106 0.343629 0
    outer loop
      vertex -62.6525 72.6928 5
      vertex -62.6525 72.6928 0
      vertex -63.0942 71.4858 5
    endloop
  endfacet
  facet normal -0.939106 0.343629 0
    outer loop
      vertex -63.0942 71.4858 5
      vertex -62.6525 72.6928 0
      vertex -63.0942 71.4858 0
    endloop
  endfacet
  facet normal -0.968499 0.249018 0
    outer loop
      vertex -63.0942 71.4858 5
      vertex -63.0942 71.4858 0
      vertex -63.4179 70.2268 5
    endloop
  endfacet
  facet normal -0.968499 0.249018 0
    outer loop
      vertex -63.4179 70.2268 5
      vertex -63.0942 71.4858 0
      vertex -63.4179 70.2268 0
    endloop
  endfacet
  facet normal -0.999522 0.0309088 0
    outer loop
      vertex -87.4401 -0.388056 5
      vertex -87.4401 -0.388056 0
      vertex -87.4818 -1.73877 5
    endloop
  endfacet
  facet normal -0.999522 0.0309088 0
    outer loop
      vertex -87.4818 -1.73877 5
      vertex -87.4401 -0.388056 0
      vertex -87.4818 -1.73877 0
    endloop
  endfacet
  facet normal -0.986885 -0.161424 0
    outer loop
      vertex -87.2831 -2.95346 5
      vertex -87.4818 -1.73877 5
      vertex -87.2831 -2.95346 0
    endloop
  endfacet
  facet normal -0.986885 -0.161424 0
    outer loop
      vertex -87.2831 -2.95346 0
      vertex -87.4818 -1.73877 5
      vertex -87.4818 -1.73877 0
    endloop
  endfacet
  facet normal -0 0 -1
    outer loop
      vertex -87.1276 1.09079 0
      vertex -75.8103 38.6802 0
      vertex -87.4401 -0.388056 0
    endloop
  endfacet
  facet normal 0 0 -1
    outer loop
      vertex -87.4401 -0.388056 0
      vertex -75.8103 38.6802 0
      vertex -75.1287 40.4328 0
    endloop
  endfacet
  facet normal 0 0 -1
    outer loop
      vertex -87.4401 -0.388056 0
      vertex -75.1287 40.4328 0
      vertex -74.0605 42.3697 0
    endloop
  endfacet
  facet normal 0 0 -1
    outer loop
      vertex -87.4401 -0.388056 0
      vertex -74.0605 42.3697 0
      vertex -72.6082 44.3648 0
    endloop
  endfacet
  facet normal 0 0 -1
    outer loop
      vertex -87.4401 -0.388056 0
      vertex -72.6082 44.3648 0
      vertex -71.7383 45.3446 0
    endloop
  endfacet
  facet normal 0 0 -1
    outer loop
      vertex -87.4401 -0.388056 0
      vertex -71.7383 45.3446 0
      vertex -70.7731 46.2918 0
    endloop
  endfacet
  facet normal 0 0 -1
    outer loop
      vertex -87.4401 -0.388056 0
      vertex -70.7731 46.2918 0
      vertex -69.7128 47.1907 0
    endloop
  endfacet
  facet normal 0 0 -1
    outer loop
      vertex -87.4401 -0.388056 0
      vertex -69.7128 47.1907 0
      vertex -68.5574 48.0255 0
    endloop
  endfacet
  facet normal 0 0 -1
    outer loop
      vertex -87.4401 -0.388056 0
      vertex -68.5574 48.0255 0
      vertex -67.3072 48.7804 0
    endloop
  endfacet
  facet normal 0 0 -1
    outer loop
      vertex -87.4401 -0.388056 0
      vertex -67.3072 48.7804 0
      vertex -65.9624 49.4397 0
    endloop
  endfacet
  facet normal 0 0 -1
    outer loop
      vertex -87.4401 -0.388056 0
      vertex -65.9624 49.4397 0
      vertex -64.5233 49.9875 0
    endloop
  endfacet
  facet normal 0 0 -1
    outer loop
      vertex -87.4401 -0.388056 0
      vertex -64.5233 49.9875 0
      vertex -62.9903 50.4083 0
    endloop
  endfacet
  facet normal 0 0 -1
    outer loop
      vertex -87.4401 -0.388056 0
      vertex -62.9903 50.4083 0
      vertex -61.3633 50.6863 0
    endloop
  endfacet
  facet normal 0 0 -1
    outer loop
      vertex -87.4401 -0.388056 0
      vertex -61.3633 50.6863 0
      vertex -59.6429 50.8056 0
    endloop
  endfacet
  facet normal 0 0 -1
    outer loop
      vertex -63.6846 32.2131 0
      vertex -59.6429 50.8056 0
      vertex -41.4542 50.8056 0
    endloop
  endfacet
  facet normal 0 0 -1
    outer loop
      vertex -37.8166 32.2131 0
      vertex -26.0511 40.4142 0
      vertex -25.2868 38.6802 0
    endloop
  endfacet
  facet normal -0 0 -1
    outer loop
      vertex -34.5832 32.2131 0
      vertex -25.2868 38.6802 0
      vertex -13.9694 1.09079 0
    endloop
  endfacet
  facet normal 0 0 -1
    outer loop
      vertex -48.7296 -28.8191 0
      vertex -43.7761 -80.6015 0
      vertex -44.8804 -80.3089 0
    endloop
  endfacet
  facet normal -0 0 -1
    outer loop
      vertex -24.4783 -2.54677 0
      vertex -13.6598 -1.73567 0
      vertex -13.8732 -2.95571 0
    endloop
  endfacet
  facet normal 0 0 -1
    outer loop
      vertex -34.5832 32.2131 0
      vertex -13.6819 -0.38354 0
      vertex -13.6598 -1.73567 0
    endloop
  endfacet
  facet normal 0 0 -1
    outer loop
      vertex -23.9245 -3.89608 0
      vertex -14.2926 -4.03493 0
      vertex -14.8878 -4.96344 0
    endloop
  endfacet
  facet normal -0 0 -1
    outer loop
      vertex -23.2173 -4.9911 0
      vertex -14.8878 -4.96344 0
      vertex -15.6286 -5.73193 0
    endloop
  endfacet
  facet normal 0 0 -1
    outer loop
      vertex -48.7296 -28.8191 0
      vertex -40.3967 -80.3159 0
      vertex -41.498 -80.6052 0
    endloop
  endfacet
  facet normal 0 0 -1
    outer loop
      vertex -22.3867 -5.84115 0
      vertex -16.4857 -6.33109 0
      vertex -17.4286 -6.75132 0
    endloop
  endfacet
  facet normal 0 0 -1
    outer loop
      vertex -21.4624 -6.45612 0
      vertex -17.4286 -6.75132 0
      vertex -18.4277 -6.98359 0
    endloop
  endfacet
  facet normal 0 0 -1
    outer loop
      vertex -20.4747 -6.8453 0
      vertex -18.4277 -6.98359 0
      vertex -19.453 -7.01802 0
    endloop
  endfacet
  facet normal 0 0 -1
    outer loop
      vertex -48.7296 -28.8191 0
      vertex -38.4508 -79.154 0
      vertex -39.3689 -79.8322 0
    endloop
  endfacet
  facet normal 0 0 -1
    outer loop
      vertex -48.7296 -28.8191 0
      vertex -37.0899 -77.2132 0
      vertex -37.6792 -78.2811 0
    endloop
  endfacet
  facet normal 0 0 -1
    outer loop
      vertex -23.2173 -4.9911 0
      vertex -16.4857 -6.33109 0
      vertex -22.3867 -5.84115 0
    endloop
  endfacet
  facet normal 0 0 -1
    outer loop
      vertex -22.3867 -5.84115 0
      vertex -17.4286 -6.75132 0
      vertex -21.4624 -6.45612 0
    endloop
  endfacet
  facet normal 0 0 -1
    outer loop
      vertex -48.7296 -28.8191 0
      vertex -41.498 -80.6052 0
      vertex -42.6364 -80.7006 0
    endloop
  endfacet
  facet normal 0 0 -1
    outer loop
      vertex -23.2173 -4.9911 0
      vertex -15.6286 -5.73193 0
      vertex -16.4857 -6.33109 0
    endloop
  endfacet
  facet normal 0 0 -1
    outer loop
      vertex -24.4783 -2.54677 0
      vertex -14.2926 -4.03493 0
      vertex -23.9245 -3.89608 0
    endloop
  endfacet
  facet normal 0 0 -1
    outer loop
      vertex -23.9245 -3.89608 0
      vertex -14.8878 -4.96344 0
      vertex -23.2173 -4.9911 0
    endloop
  endfacet
  facet normal 0 0 -1
    outer loop
      vertex -34.5832 32.2131 0
      vertex -13.6598 -1.73567 0
      vertex -24.4783 -2.54677 0
    endloop
  endfacet
  facet normal 0 0 -1
    outer loop
      vertex -24.4783 -2.54677 0
      vertex -13.8732 -2.95571 0
      vertex -14.2926 -4.03493 0
    endloop
  endfacet
  facet normal 0 0 -1
    outer loop
      vertex -34.5832 32.2131 0
      vertex -13.9694 1.09079 0
      vertex -13.6819 -0.38354 0
    endloop
  endfacet
  facet normal -0 0 -1
    outer loop
      vertex -37.8166 32.2131 0
      vertex -25.2868 38.6802 0
      vertex -34.5832 32.2131 0
    endloop
  endfacet
  facet normal 0 0 -1
    outer loop
      vertex -48.6001 -75.944 0
      vertex -47.6177 -78.2695 0
      vertex -48.2174 -77.2033 0
    endloop
  endfacet
  facet normal 0 0 -1
    outer loop
      vertex -48.7296 -28.8191 0
      vertex -36.6039 -28.8191 0
      vertex -36.6039 -74.4923 0
    endloop
  endfacet
  facet normal 0 0 -1
    outer loop
      vertex -64.8973 -28.8191 0
      vertex -57.4571 -80.6185 0
      vertex -58.6173 -80.7156 0
    endloop
  endfacet
  facet normal 0 0 -1
    outer loop
      vertex -64.8973 -28.8191 0
      vertex -58.6173 -80.7156 0
      vertex -59.7778 -80.6185 0
    endloop
  endfacet
  facet normal 0 0 -1
    outer loop
      vertex -64.8973 -28.8191 0
      vertex -59.7778 -80.6185 0
      vertex -60.903 -80.3267 0
    endloop
  endfacet
  facet normal 0 0 -1
    outer loop
      vertex -64.8973 -28.8191 0
      vertex -61.9565 -79.8404 0
      vertex -62.9031 -79.1597 0
    endloop
  endfacet
  facet normal 0 0 -1
    outer loop
      vertex -64.8973 -28.8191 0
      vertex -63.7063 -78.2845 0
      vertex -64.8973 -74.4923 0
    endloop
  endfacet
  facet normal 0 0 -1
    outer loop
      vertex -63.6846 32.2131 0
      vertex -36.6959 49.9818 0
      vertex -35.2843 49.4304 0
    endloop
  endfacet
  facet normal -0 -0 -1
    outer loop
      vertex -85.5489 -5.69637 0
      vertex -87.4401 -0.388056 0
      vertex -84.6921 -6.28255 0
    endloop
  endfacet
  facet normal 0 0 -1
    outer loop
      vertex -63.6846 32.2131 0
      vertex -35.2843 49.4304 0
      vertex -33.9604 48.7672 0
    endloop
  endfacet
  facet normal 0 0 -1
    outer loop
      vertex -48.7296 -74.4923 0
      vertex -45.9128 -79.8226 0
      vertex -46.8373 -79.1427 0
    endloop
  endfacet
  facet normal 0 0 -1
    outer loop
      vertex -48.6001 -75.944 0
      vertex -46.8373 -79.1427 0
      vertex -47.6177 -78.2695 0
    endloop
  endfacet
  facet normal 0 0 -1
    outer loop
      vertex -64.8973 -28.8191 0
      vertex -52.9212 -77.2149 0
      vertex -53.5398 -78.2845 0
    endloop
  endfacet
  facet normal 0 0 -1
    outer loop
      vertex -48.7296 -28.8191 0
      vertex -36.7194 -75.9502 0
      vertex -37.0899 -77.2132 0
    endloop
  endfacet
  facet normal 0 0 -1
    outer loop
      vertex -48.7296 -74.4923 0
      vertex -46.8373 -79.1427 0
      vertex -48.6001 -75.944 0
    endloop
  endfacet
  facet normal -0 -0 -1
    outer loop
      vertex -84.6921 -6.28255 0
      vertex -87.4401 -0.388056 0
      vertex -83.7466 -6.69092 0
    endloop
  endfacet
  facet normal 0 0 -1
    outer loop
      vertex -48.7296 -28.8191 0
      vertex -36.6039 -74.4923 0
      vertex -36.7194 -75.9502 0
    endloop
  endfacet
  facet normal 0 0 -1
    outer loop
      vertex -64.8973 -74.4923 0
      vertex -64.3303 -77.2149 0
      vertex -64.7392 -75.9508 0
    endloop
  endfacet
  facet normal 0 0 -1
    outer loop
      vertex -63.6846 32.2131 0
      vertex -30.5192 46.2675 0
      vertex -29.5498 45.3178 0
    endloop
  endfacet
  facet normal 0 0 -1
    outer loop
      vertex -63.6846 32.2131 0
      vertex -29.5498 45.3178 0
      vertex -28.6698 44.3363 0
    endloop
  endfacet
  facet normal 0 0 -1
    outer loop
      vertex -63.6846 32.2131 0
      vertex -28.6698 44.3363 0
      vertex -27.1797 42.3424 0
    endloop
  endfacet
  facet normal 0 0 -1
    outer loop
      vertex -63.6846 32.2131 0
      vertex -27.1797 42.3424 0
      vertex -26.0511 40.4142 0
    endloop
  endfacet
  facet normal -0 0 -1
    outer loop
      vertex -63.6846 32.2131 0
      vertex -26.0511 40.4142 0
      vertex -37.8166 32.2131 0
    endloop
  endfacet
  facet normal 0 0 -1
    outer loop
      vertex -63.6846 32.2131 0
      vertex -20.0324 -28.8191 0
      vertex -36.6039 -28.8191 0
    endloop
  endfacet
  facet normal 0 0 -1
    outer loop
      vertex -63.6846 32.2131 0
      vertex -48.7296 -28.8191 0
      vertex -52.3675 -28.8191 0
    endloop
  endfacet
  facet normal 0 0 -1
    outer loop
      vertex -63.6846 32.2131 0
      vertex -52.3675 -28.8191 0
      vertex -64.8973 -28.8191 0
    endloop
  endfacet
  facet normal 0 0 -1
    outer loop
      vertex -63.6846 32.2131 0
      vertex -64.8973 -28.8191 0
      vertex -81.0647 -28.8191 0
    endloop
  endfacet
  facet normal -0 -0 -1
    outer loop
      vertex -82.7425 -6.91275 0
      vertex -87.4401 -0.388056 0
      vertex -81.7101 -6.93984 0
    endloop
  endfacet
  facet normal 0 0 -1
    outer loop
      vertex -64.8973 -74.4923 0
      vertex -63.7063 -78.2845 0
      vertex -64.3303 -77.2149 0
    endloop
  endfacet
  facet normal 0 0 -1
    outer loop
      vertex -64.8973 -28.8191 0
      vertex -52.5182 -75.9508 0
      vertex -52.9212 -77.2149 0
    endloop
  endfacet
  facet normal 0 0 -1
    outer loop
      vertex -64.8973 -28.8191 0
      vertex -52.3675 -74.4923 0
      vertex -52.5182 -75.9508 0
    endloop
  endfacet
  facet normal -0 -0 -1
    outer loop
      vertex -86.2866 -4.94058 0
      vertex -87.4401 -0.388056 0
      vertex -85.5489 -5.69637 0
    endloop
  endfacet
  facet normal 0 0 -1
    outer loop
      vertex -63.6846 32.2131 0
      vertex -41.4542 50.8056 0
      vertex -39.7812 50.6857 0
    endloop
  endfacet
  facet normal -0 0 -1
    outer loop
      vertex -66.5141 32.2131 0
      vertex -59.6429 50.8056 0
      vertex -63.6846 32.2131 0
    endloop
  endfacet
  facet normal 0 -0 -1
    outer loop
      vertex -76.6188 -2.54677 0
      vertex -87.4401 -0.388056 0
      vertex -66.5141 32.2131 0
    endloop
  endfacet
  facet normal 0 0 -1
    outer loop
      vertex -87.4401 -0.388056 0
      vertex -59.6429 50.8056 0
      vertex -66.5141 32.2131 0
    endloop
  endfacet
  facet normal 0 0 -1
    outer loop
      vertex -63.6846 32.2131 0
      vertex -38.1951 50.4057 0
      vertex -36.6959 49.9818 0
    endloop
  endfacet
  facet normal 0 0 -1
    outer loop
      vertex -87.4401 -0.388056 0
      vertex -76.6188 -2.54677 0
      vertex -77.1844 -3.86306 0
    endloop
  endfacet
  facet normal 0 0 -1
    outer loop
      vertex -87.4401 -0.388056 0
      vertex -80.6797 -6.76402 0
      vertex -81.7101 -6.93984 0
    endloop
  endfacet
  facet normal 0 0 -1
    outer loop
      vertex -52.3675 -74.4923 0
      vertex -64.8973 -28.8191 0
      vertex -52.3675 -28.8191 0
    endloop
  endfacet
  facet normal 0 0 -1
    outer loop
      vertex -64.8973 -28.8191 0
      vertex -60.903 -80.3267 0
      vertex -61.9565 -79.8404 0
    endloop
  endfacet
  facet normal 0 0 -1
    outer loop
      vertex -64.8973 -28.8191 0
      vertex -62.9031 -79.1597 0
      vertex -63.7063 -78.2845 0
    endloop
  endfacet
  facet normal 0 0 -1
    outer loop
      vertex -63.6846 32.2131 0
      vertex -37.8166 32.2131 0
      vertex -20.0324 -28.8191 0
    endloop
  endfacet
  facet normal 0 0 -1
    outer loop
      vertex -63.6846 32.2131 0
      vertex -36.6039 -28.8191 0
      vertex -48.7296 -28.8191 0
    endloop
  endfacet
  facet normal 0 0 -1
    outer loop
      vertex -63.6846 32.2131 0
      vertex -39.7812 50.6857 0
      vertex -38.1951 50.4057 0
    endloop
  endfacet
  facet normal 0 0 -1
    outer loop
      vertex -87.4401 -0.388056 0
      vertex -86.8748 -4.02364 0
      vertex -87.2831 -2.95346 0
    endloop
  endfacet
  facet normal 0 0 -1
    outer loop
      vertex -87.4401 -0.388056 0
      vertex -87.2831 -2.95346 0
      vertex -87.4818 -1.73877 0
    endloop
  endfacet
  facet normal 0 0 -1
    outer loop
      vertex -21.4624 -6.45612 0
      vertex -18.4277 -6.98359 0
      vertex -20.4747 -6.8453 0
    endloop
  endfacet
  facet normal 0 0 -1
    outer loop
      vertex -48.7296 -28.8191 0
      vertex -37.6792 -78.2811 0
      vertex -38.4508 -79.154 0
    endloop
  endfacet
  facet normal 0 0 -1
    outer loop
      vertex -48.7296 -28.8191 0
      vertex -39.3689 -79.8322 0
      vertex -40.3967 -80.3159 0
    endloop
  endfacet
  facet normal 0 0 -1
    outer loop
      vertex -48.7296 -28.8191 0
      vertex -42.6364 -80.7006 0
      vertex -43.7761 -80.6015 0
    endloop
  endfacet
  facet normal 0 0 -1
    outer loop
      vertex -48.7296 -28.8191 0
      vertex -44.8804 -80.3089 0
      vertex -45.9128 -79.8226 0
    endloop
  endfacet
  facet normal 0 0 -1
    outer loop
      vertex -48.7296 -28.8191 0
      vertex -45.9128 -79.8226 0
      vertex -48.7296 -74.4923 0
    endloop
  endfacet
  facet normal 0 0 -1
    outer loop
      vertex -64.8973 -28.8191 0
      vertex -53.5398 -78.2845 0
      vertex -54.3388 -79.1597 0
    endloop
  endfacet
  facet normal -0 -0 -1
    outer loop
      vertex -83.7466 -6.69092 0
      vertex -87.4401 -0.388056 0
      vertex -82.7425 -6.91275 0
    endloop
  endfacet
  facet normal 0 0 -1
    outer loop
      vertex -64.8973 -28.8191 0
      vertex -54.3388 -79.1597 0
      vertex -55.282 -79.8404 0
    endloop
  endfacet
  facet normal 0 0 -1
    outer loop
      vertex -64.8973 -28.8191 0
      vertex -55.282 -79.8404 0
      vertex -56.3332 -80.3267 0
    endloop
  endfacet
  facet normal 0 0 -1
    outer loop
      vertex -64.8973 -28.8191 0
      vertex -56.3332 -80.3267 0
      vertex -57.4571 -80.6185 0
    endloop
  endfacet
  facet normal 0 0 -1
    outer loop
      vertex -63.6846 32.2131 0
      vertex -33.9604 48.7672 0
      vertex -32.7248 48.0085 0
    endloop
  endfacet
  facet normal 0 0 -1
    outer loop
      vertex -63.6846 32.2131 0
      vertex -32.7248 48.0085 0
      vertex -31.5776 47.1698 0
    endloop
  endfacet
  facet normal 0 0 -1
    outer loop
      vertex -63.6846 32.2131 0
      vertex -31.5776 47.1698 0
      vertex -30.5192 46.2675 0
    endloop
  endfacet
  facet normal 0 -0 -1
    outer loop
      vertex -80.6797 -6.76402 0
      vertex -87.4401 -0.388056 0
      vertex -79.6818 -6.37653 0
    endloop
  endfacet
  facet normal 0 -0 -1
    outer loop
      vertex -79.6818 -6.37653 0
      vertex -87.4401 -0.388056 0
      vertex -78.7462 -5.76975 0
    endloop
  endfacet
  facet normal 0 -0 -1
    outer loop
      vertex -78.7462 -5.76975 0
      vertex -87.4401 -0.388056 0
      vertex -77.9038 -4.93466 0
    endloop
  endfacet
  facet normal 0 -0 -1
    outer loop
      vertex -77.9038 -4.93466 0
      vertex -87.4401 -0.388056 0
      vertex -77.1844 -3.86306 0
    endloop
  endfacet
  facet normal -0 -0 -1
    outer loop
      vertex -86.8748 -4.02364 0
      vertex -87.4401 -0.388056 0
      vertex -86.2866 -4.94058 0
    endloop
  endfacet
  facet normal 0 0 1
    outer loop
      vertex -87.2831 -2.95346 5
      vertex -86.8748 -4.02364 5
      vertex -86.2866 -4.94058 5
    endloop
  endfacet
  facet normal 0 0 1
    outer loop
      vertex -84.6921 -6.28255 5
      vertex -87.2831 -2.95346 5
      vertex -85.5489 -5.69637 5
    endloop
  endfacet
  facet normal 0 0 1
    outer loop
      vertex -85.5489 -5.69637 5
      vertex -87.2831 -2.95346 5
      vertex -86.2866 -4.94058 5
    endloop
  endfacet
  facet normal 0 0 1
    outer loop
      vertex -83.7466 -6.69092 5
      vertex -87.2831 -2.95346 5
      vertex -84.6921 -6.28255 5
    endloop
  endfacet
  facet normal 0 0 1
    outer loop
      vertex -82.7425 -6.91275 5
      vertex -87.2831 -2.95346 5
      vertex -83.7466 -6.69092 5
    endloop
  endfacet
  facet normal 0 0 1
    outer loop
      vertex -81.7101 -6.93984 5
      vertex -87.2831 -2.95346 5
      vertex -82.7425 -6.91275 5
    endloop
  endfacet
  facet normal -0 0 1
    outer loop
      vertex -80.6797 -6.76402 5
      vertex -87.2831 -2.95346 5
      vertex -81.7101 -6.93984 5
    endloop
  endfacet
  facet normal -0 0 1
    outer loop
      vertex -79.6818 -6.37653 5
      vertex -87.2831 -2.95346 5
      vertex -80.6797 -6.76402 5
    endloop
  endfacet
  facet normal -0 0 1
    outer loop
      vertex -78.7462 -5.76975 5
      vertex -87.2831 -2.95346 5
      vertex -79.6818 -6.37653 5
    endloop
  endfacet
  facet normal -0 0 1
    outer loop
      vertex -77.9038 -4.93466 5
      vertex -87.2831 -2.95346 5
      vertex -78.7462 -5.76975 5
    endloop
  endfacet
  facet normal -0 0 1
    outer loop
      vertex -77.1844 -3.86306 5
      vertex -87.2831 -2.95346 5
      vertex -77.9038 -4.93466 5
    endloop
  endfacet
  facet normal 0 0 1
    outer loop
      vertex -76.6188 -2.54677 5
      vertex -87.2831 -2.95346 5
      vertex -77.1844 -3.86306 5
    endloop
  endfacet
  facet normal 0 0 1
    outer loop
      vertex -66.5141 32.2131 5
      vertex -87.2831 -2.95346 5
      vertex -76.6188 -2.54677 5
    endloop
  endfacet
  facet normal 0 0 1
    outer loop
      vertex -59.6429 50.8056 5
      vertex -87.2831 -2.95346 5
      vertex -66.5141 32.2131 5
    endloop
  endfacet
  facet normal 0 0 1
    outer loop
      vertex -25.2868 38.6802 5
      vertex -66.5141 32.2131 5
      vertex -63.6846 32.2131 5
    endloop
  endfacet
  facet normal -0 0 1
    outer loop
      vertex -64.8973 -28.8191 5
      vertex -63.6846 32.2131 5
      vertex -81.0647 -28.8191 5
    endloop
  endfacet
  facet normal 0 0 1
    outer loop
      vertex -64.8973 -74.4923 5
      vertex -63.6846 32.2131 5
      vertex -64.8973 -28.8191 5
    endloop
  endfacet
  facet normal 0 0 1
    outer loop
      vertex -64.7392 -75.9508 5
      vertex -63.6846 32.2131 5
      vertex -64.8973 -74.4923 5
    endloop
  endfacet
  facet normal 0 0 1
    outer loop
      vertex -64.3303 -77.2149 5
      vertex -63.6846 32.2131 5
      vertex -64.7392 -75.9508 5
    endloop
  endfacet
  facet normal 0 0 1
    outer loop
      vertex -63.7063 -78.2845 5
      vertex -63.6846 32.2131 5
      vertex -64.3303 -77.2149 5
    endloop
  endfacet
  facet normal 0 0 1
    outer loop
      vertex -62.9031 -79.1597 5
      vertex -63.6846 32.2131 5
      vertex -63.7063 -78.2845 5
    endloop
  endfacet
  facet normal 0 0 1
    outer loop
      vertex -61.9565 -79.8404 5
      vertex -63.6846 32.2131 5
      vertex -62.9031 -79.1597 5
    endloop
  endfacet
  facet normal 0 0 1
    outer loop
      vertex -60.903 -80.3267 5
      vertex -63.6846 32.2131 5
      vertex -61.9565 -79.8404 5
    endloop
  endfacet
  facet normal 0 0 1
    outer loop
      vertex -59.7778 -80.6185 5
      vertex -63.6846 32.2131 5
      vertex -60.903 -80.3267 5
    endloop
  endfacet
  facet normal 0 0 1
    outer loop
      vertex -58.6173 -80.7156 5
      vertex -63.6846 32.2131 5
      vertex -59.7778 -80.6185 5
    endloop
  endfacet
  facet normal -0 0 1
    outer loop
      vertex -57.4571 -80.6185 5
      vertex -63.6846 32.2131 5
      vertex -58.6173 -80.7156 5
    endloop
  endfacet
  facet normal -0 0 1
    outer loop
      vertex -56.3332 -80.3267 5
      vertex -63.6846 32.2131 5
      vertex -57.4571 -80.6185 5
    endloop
  endfacet
  facet normal -0 0 1
    outer loop
      vertex -55.282 -79.8404 5
      vertex -63.6846 32.2131 5
      vertex -56.3332 -80.3267 5
    endloop
  endfacet
  facet normal -0 0 1
    outer loop
      vertex -54.3388 -79.1597 5
      vertex -63.6846 32.2131 5
      vertex -55.282 -79.8404 5
    endloop
  endfacet
  facet normal -0 0 1
    outer loop
      vertex -53.5398 -78.2845 5
      vertex -63.6846 32.2131 5
      vertex -54.3388 -79.1597 5
    endloop
  endfacet
  facet normal -0 0 1
    outer loop
      vertex -52.9212 -77.2149 5
      vertex -63.6846 32.2131 5
      vertex -53.5398 -78.2845 5
    endloop
  endfacet
  facet normal -0 0 1
    outer loop
      vertex -52.5182 -75.9508 5
      vertex -63.6846 32.2131 5
      vertex -52.9212 -77.2149 5
    endloop
  endfacet
  facet normal -0 0 1
    outer loop
      vertex -52.3675 -74.4923 5
      vertex -63.6846 32.2131 5
      vertex -52.5182 -75.9508 5
    endloop
  endfacet
  facet normal -0 0 1
    outer loop
      vertex -52.3675 -28.8191 5
      vertex -63.6846 32.2131 5
      vertex -52.3675 -74.4923 5
    endloop
  endfacet
  facet normal -0 0 1
    outer loop
      vertex -48.7296 -28.8191 5
      vertex -63.6846 32.2131 5
      vertex -52.3675 -28.8191 5
    endloop
  endfacet
  facet normal 0 0 1
    outer loop
      vertex -36.7194 -75.9502 5
      vertex -63.6846 32.2131 5
      vertex -48.7296 -28.8191 5
    endloop
  endfacet
  facet normal 0 0 1
    outer loop
      vertex -48.6001 -75.944 5
      vertex -48.7296 -28.8191 5
      vertex -48.7296 -74.4923 5
    endloop
  endfacet
  facet normal 0 0 1
    outer loop
      vertex -48.2174 -77.2033 5
      vertex -48.7296 -28.8191 5
      vertex -48.6001 -75.944 5
    endloop
  endfacet
  facet normal 0 0 1
    outer loop
      vertex -47.6177 -78.2695 5
      vertex -48.7296 -28.8191 5
      vertex -48.2174 -77.2033 5
    endloop
  endfacet
  facet normal 0 0 1
    outer loop
      vertex -46.8373 -79.1427 5
      vertex -48.7296 -28.8191 5
      vertex -47.6177 -78.2695 5
    endloop
  endfacet
  facet normal 0 0 1
    outer loop
      vertex -45.9128 -79.8226 5
      vertex -48.7296 -28.8191 5
      vertex -46.8373 -79.1427 5
    endloop
  endfacet
  facet normal 0 0 1
    outer loop
      vertex -44.8804 -80.3089 5
      vertex -48.7296 -28.8191 5
      vertex -45.9128 -79.8226 5
    endloop
  endfacet
  facet normal 0 0 1
    outer loop
      vertex -43.7761 -80.6015 5
      vertex -48.7296 -28.8191 5
      vertex -44.8804 -80.3089 5
    endloop
  endfacet
  facet normal 0 0 1
    outer loop
      vertex -42.6364 -80.7006 5
      vertex -48.7296 -28.8191 5
      vertex -43.7761 -80.6015 5
    endloop
  endfacet
  facet normal -0 0 1
    outer loop
      vertex -41.498 -80.6052 5
      vertex -48.7296 -28.8191 5
      vertex -42.6364 -80.7006 5
    endloop
  endfacet
  facet normal -0 0 1
    outer loop
      vertex -40.3967 -80.3159 5
      vertex -48.7296 -28.8191 5
      vertex -41.498 -80.6052 5
    endloop
  endfacet
  facet normal -0 0 1
    outer loop
      vertex -39.3689 -79.8322 5
      vertex -48.7296 -28.8191 5
      vertex -40.3967 -80.3159 5
    endloop
  endfacet
  facet normal -0 0 1
    outer loop
      vertex -38.4508 -79.154 5
      vertex -48.7296 -28.8191 5
      vertex -39.3689 -79.8322 5
    endloop
  endfacet
  facet normal -0 0 1
    outer loop
      vertex -37.6792 -78.2811 5
      vertex -48.7296 -28.8191 5
      vertex -38.4508 -79.154 5
    endloop
  endfacet
  facet normal -0 0 1
    outer loop
      vertex -37.0899 -77.2132 5
      vertex -48.7296 -28.8191 5
      vertex -37.6792 -78.2811 5
    endloop
  endfacet
  facet normal -0 0 1
    outer loop
      vertex -36.7194 -75.9502 5
      vertex -48.7296 -28.8191 5
      vertex -37.0899 -77.2132 5
    endloop
  endfacet
  facet normal -0 0 1
    outer loop
      vertex -36.6039 -74.4923 5
      vertex -63.6846 32.2131 5
      vertex -36.7194 -75.9502 5
    endloop
  endfacet
  facet normal -0 0 1
    outer loop
      vertex -36.6039 -28.8191 5
      vertex -63.6846 32.2131 5
      vertex -36.6039 -74.4923 5
    endloop
  endfacet
  facet normal -0 0 1
    outer loop
      vertex -20.0324 -28.8191 5
      vertex -63.6846 32.2131 5
      vertex -36.6039 -28.8191 5
    endloop
  endfacet
  facet normal 0 -0 1
    outer loop
      vertex -37.8166 32.2131 5
      vertex -63.6846 32.2131 5
      vertex -20.0324 -28.8191 5
    endloop
  endfacet
  facet normal 0 0 1
    outer loop
      vertex -25.2868 38.6802 5
      vertex -63.6846 32.2131 5
      vertex -37.8166 32.2131 5
    endloop
  endfacet
  facet normal 0 0 1
    outer loop
      vertex -25.2868 38.6802 5
      vertex -37.8166 32.2131 5
      vertex -34.5832 32.2131 5
    endloop
  endfacet
  facet normal 0 0 1
    outer loop
      vertex -23.9245 -3.89608 5
      vertex -34.5832 32.2131 5
      vertex -24.4783 -2.54677 5
    endloop
  endfacet
  facet normal 0 0 1
    outer loop
      vertex -23.2173 -4.9911 5
      vertex -34.5832 32.2131 5
      vertex -23.9245 -3.89608 5
    endloop
  endfacet
  facet normal 0 0 1
    outer loop
      vertex -22.3867 -5.84115 5
      vertex -34.5832 32.2131 5
      vertex -23.2173 -4.9911 5
    endloop
  endfacet
  facet normal 0 0 1
    outer loop
      vertex -21.4624 -6.45612 5
      vertex -34.5832 32.2131 5
      vertex -22.3867 -5.84115 5
    endloop
  endfacet
  facet normal 0 0 1
    outer loop
      vertex -20.4747 -6.8453 5
      vertex -34.5832 32.2131 5
      vertex -21.4624 -6.45612 5
    endloop
  endfacet
  facet normal 0 0 1
    outer loop
      vertex -19.453 -7.01802 5
      vertex -34.5832 32.2131 5
      vertex -20.4747 -6.8453 5
    endloop
  endfacet
  facet normal -0 0 1
    outer loop
      vertex -18.4277 -6.98359 5
      vertex -34.5832 32.2131 5
      vertex -19.453 -7.01802 5
    endloop
  endfacet
  facet normal -0 0 1
    outer loop
      vertex -17.4286 -6.75132 5
      vertex -34.5832 32.2131 5
      vertex -18.4277 -6.98359 5
    endloop
  endfacet
  facet normal -0 0 1
    outer loop
      vertex -16.4857 -6.33109 5
      vertex -34.5832 32.2131 5
      vertex -17.4286 -6.75132 5
    endloop
  endfacet
  facet normal -0 0 1
    outer loop
      vertex -15.6286 -5.73193 5
      vertex -34.5832 32.2131 5
      vertex -16.4857 -6.33109 5
    endloop
  endfacet
  facet normal -0 0 1
    outer loop
      vertex -14.8878 -4.96344 5
      vertex -34.5832 32.2131 5
      vertex -15.6286 -5.73193 5
    endloop
  endfacet
  facet normal -0 0 1
    outer loop
      vertex -14.2926 -4.03493 5
      vertex -34.5832 32.2131 5
      vertex -14.8878 -4.96344 5
    endloop
  endfacet
  facet normal -0 0 1
    outer loop
      vertex -13.8732 -2.95571 5
      vertex -34.5832 32.2131 5
      vertex -14.2926 -4.03493 5
    endloop
  endfacet
  facet normal -0 0 1
    outer loop
      vertex -13.6598 -1.73567 5
      vertex -34.5832 32.2131 5
      vertex -13.8732 -2.95571 5
    endloop
  endfacet
  facet normal -0 -0 1
    outer loop
      vertex -13.6819 -0.38354 5
      vertex -34.5832 32.2131 5
      vertex -13.6598 -1.73567 5
    endloop
  endfacet
  facet normal -0 -0 1
    outer loop
      vertex -13.9694 1.09079 5
      vertex -34.5832 32.2131 5
      vertex -13.6819 -0.38354 5
    endloop
  endfacet
  facet normal 0 -0 1
    outer loop
      vertex -25.2868 38.6802 5
      vertex -34.5832 32.2131 5
      vertex -13.9694 1.09079 5
    endloop
  endfacet
  facet normal 0 -0 1
    outer loop
      vertex -26.0511 40.4142 5
      vertex -66.5141 32.2131 5
      vertex -25.2868 38.6802 5
    endloop
  endfacet
  facet normal 0 -0 1
    outer loop
      vertex -27.1797 42.3424 5
      vertex -66.5141 32.2131 5
      vertex -26.0511 40.4142 5
    endloop
  endfacet
  facet normal 0 -0 1
    outer loop
      vertex -28.6698 44.3363 5
      vertex -66.5141 32.2131 5
      vertex -27.1797 42.3424 5
    endloop
  endfacet
  facet normal 0 -0 1
    outer loop
      vertex -29.5498 45.3178 5
      vertex -66.5141 32.2131 5
      vertex -28.6698 44.3363 5
    endloop
  endfacet
  facet normal 0 -0 1
    outer loop
      vertex -30.5192 46.2675 5
      vertex -66.5141 32.2131 5
      vertex -29.5498 45.3178 5
    endloop
  endfacet
  facet normal 0 -0 1
    outer loop
      vertex -31.5776 47.1698 5
      vertex -66.5141 32.2131 5
      vertex -30.5192 46.2675 5
    endloop
  endfacet
  facet normal 0 -0 1
    outer loop
      vertex -32.7248 48.0085 5
      vertex -66.5141 32.2131 5
      vertex -31.5776 47.1698 5
    endloop
  endfacet
  facet normal 0 -0 1
    outer loop
      vertex -33.9604 48.7672 5
      vertex -66.5141 32.2131 5
      vertex -32.7248 48.0085 5
    endloop
  endfacet
  facet normal 0 -0 1
    outer loop
      vertex -35.2843 49.4304 5
      vertex -66.5141 32.2131 5
      vertex -33.9604 48.7672 5
    endloop
  endfacet
  facet normal 0 -0 1
    outer loop
      vertex -36.6959 49.9818 5
      vertex -66.5141 32.2131 5
      vertex -35.2843 49.4304 5
    endloop
  endfacet
  facet normal 0 -0 1
    outer loop
      vertex -38.1951 50.4057 5
      vertex -66.5141 32.2131 5
      vertex -36.6959 49.9818 5
    endloop
  endfacet
  facet normal 0 -0 1
    outer loop
      vertex -39.7812 50.6857 5
      vertex -66.5141 32.2131 5
      vertex -38.1951 50.4057 5
    endloop
  endfacet
  facet normal 0 -0 1
    outer loop
      vertex -41.4542 50.8056 5
      vertex -66.5141 32.2131 5
      vertex -39.7812 50.6857 5
    endloop
  endfacet
  facet normal 0 -0 1
    outer loop
      vertex -59.6429 50.8056 5
      vertex -66.5141 32.2131 5
      vertex -41.4542 50.8056 5
    endloop
  endfacet
  facet normal 0 -0 1
    outer loop
      vertex -61.3633 50.6863 5
      vertex -87.2831 -2.95346 5
      vertex -59.6429 50.8056 5
    endloop
  endfacet
  facet normal 0 -0 1
    outer loop
      vertex -62.9903 50.4083 5
      vertex -87.2831 -2.95346 5
      vertex -61.3633 50.6863 5
    endloop
  endfacet
  facet normal 0 -0 1
    outer loop
      vertex -64.5233 49.9875 5
      vertex -87.2831 -2.95346 5
      vertex -62.9903 50.4083 5
    endloop
  endfacet
  facet normal 0 -0 1
    outer loop
      vertex -65.9624 49.4397 5
      vertex -87.2831 -2.95346 5
      vertex -64.5233 49.9875 5
    endloop
  endfacet
  facet normal 0 -0 1
    outer loop
      vertex -67.3072 48.7804 5
      vertex -87.2831 -2.95346 5
      vertex -65.9624 49.4397 5
    endloop
  endfacet
  facet normal 0 -0 1
    outer loop
      vertex -68.5574 48.0255 5
      vertex -87.2831 -2.95346 5
      vertex -67.3072 48.7804 5
    endloop
  endfacet
  facet normal 0 -0 1
    outer loop
      vertex -69.7128 47.1907 5
      vertex -87.2831 -2.95346 5
      vertex -68.5574 48.0255 5
    endloop
  endfacet
  facet normal 0 -0 1
    outer loop
      vertex -70.7731 46.2918 5
      vertex -87.2831 -2.95346 5
      vertex -69.7128 47.1907 5
    endloop
  endfacet
  facet normal 0 -0 1
    outer loop
      vertex -71.7383 45.3446 5
      vertex -87.2831 -2.95346 5
      vertex -70.7731 46.2918 5
    endloop
  endfacet
  facet normal 0 -0 1
    outer loop
      vertex -72.6082 44.3648 5
      vertex -87.2831 -2.95346 5
      vertex -71.7383 45.3446 5
    endloop
  endfacet
  facet normal 0 -0 1
    outer loop
      vertex -74.0605 42.3697 5
      vertex -87.2831 -2.95346 5
      vertex -72.6082 44.3648 5
    endloop
  endfacet
  facet normal 0 -0 1
    outer loop
      vertex -75.1287 40.4328 5
      vertex -87.2831 -2.95346 5
      vertex -74.0605 42.3697 5
    endloop
  endfacet
  facet normal 0 -0 1
    outer loop
      vertex -75.8103 38.6802 5
      vertex -87.2831 -2.95346 5
      vertex -75.1287 40.4328 5
    endloop
  endfacet
  facet normal 0 -0 1
    outer loop
      vertex -87.1276 1.09079 5
      vertex -87.2831 -2.95346 5
      vertex -75.8103 38.6802 5
    endloop
  endfacet
  facet normal 0 0 1
    outer loop
      vertex -87.4401 -0.388056 5
      vertex -87.2831 -2.95346 5
      vertex -87.1276 1.09079 5
    endloop
  endfacet
  facet normal 0 0 1
    outer loop
      vertex -87.4818 -1.73877 5
      vertex -87.2831 -2.95346 5
      vertex -87.4401 -0.388056 5
    endloop
  endfacet
  facet normal -0.978405 0.206697 0
    outer loop
      vertex -87.1276 1.09079 5
      vertex -87.1276 1.09079 0
      vertex -87.4401 -0.388056 5
    endloop
  endfacet
  facet normal -0.978405 0.206697 0
    outer loop
      vertex -87.4401 -0.388056 5
      vertex -87.1276 1.09079 0
      vertex -87.4401 -0.388056 0
    endloop
  endfacet
  facet normal -0.934289 -0.356518 0
    outer loop
      vertex -86.8748 -4.02364 5
      vertex -87.2831 -2.95346 5
      vertex -86.8748 -4.02364 0
    endloop
  endfacet
  facet normal -0.934289 -0.356518 0
    outer loop
      vertex -86.8748 -4.02364 0
      vertex -87.2831 -2.95346 5
      vertex -87.2831 -2.95346 0
    endloop
  endfacet
  facet normal -0.841725 -0.539906 0
    outer loop
      vertex -86.2866 -4.94058 5
      vertex -86.8748 -4.02364 5
      vertex -86.2866 -4.94058 0
    endloop
  endfacet
  facet normal -0.841725 -0.539906 0
    outer loop
      vertex -86.2866 -4.94058 0
      vertex -86.8748 -4.02364 5
      vertex -86.8748 -4.02364 0
    endloop
  endfacet
  facet normal -0.715606 -0.698504 0
    outer loop
      vertex -85.5489 -5.69637 5
      vertex -86.2866 -4.94058 5
      vertex -85.5489 -5.69637 0
    endloop
  endfacet
  facet normal -0.715606 -0.698504 0
    outer loop
      vertex -85.5489 -5.69637 0
      vertex -86.2866 -4.94058 5
      vertex -86.2866 -4.94058 0
    endloop
  endfacet
  facet normal -0.564635 -0.825341 -0
    outer loop
      vertex -84.6921 -6.28255 0
      vertex -84.6921 -6.28255 5
      vertex -85.5489 -5.69637 5
    endloop
  endfacet
  facet normal -0.564635 -0.825341 -0
    outer loop
      vertex -85.5489 -5.69637 0
      vertex -84.6921 -6.28255 0
      vertex -85.5489 -5.69637 5
    endloop
  endfacet
  facet normal -0.396531 -0.918022 -0
    outer loop
      vertex -83.7466 -6.69092 0
      vertex -83.7466 -6.69092 5
      vertex -84.6921 -6.28255 5
    endloop
  endfacet
  facet normal -0.396531 -0.918022 -0
    outer loop
      vertex -84.6921 -6.28255 0
      vertex -83.7466 -6.69092 0
      vertex -84.6921 -6.28255 5
    endloop
  endfacet
  facet normal -0.21571 -0.976458 -0
    outer loop
      vertex -82.7425 -6.91275 0
      vertex -82.7425 -6.91275 5
      vertex -83.7466 -6.69092 5
    endloop
  endfacet
  facet normal -0.21571 -0.976458 -0
    outer loop
      vertex -83.7466 -6.69092 0
      vertex -82.7425 -6.91275 0
      vertex -83.7466 -6.69092 5
    endloop
  endfacet
  facet normal -0.0262348 -0.999656 -0
    outer loop
      vertex -81.7101 -6.93984 0
      vertex -81.7101 -6.93984 5
      vertex -82.7425 -6.91275 5
    endloop
  endfacet
  facet normal -0.0262348 -0.999656 -0
    outer loop
      vertex -82.7425 -6.91275 0
      vertex -81.7101 -6.93984 0
      vertex -82.7425 -6.91275 5
    endloop
  endfacet
  facet normal 0.168207 -0.985752 0
    outer loop
      vertex -80.6797 -6.76402 0
      vertex -80.6797 -6.76402 5
      vertex -81.7101 -6.93984 5
    endloop
  endfacet
  facet normal 0.168207 -0.985752 0
    outer loop
      vertex -81.7101 -6.93984 0
      vertex -80.6797 -6.76402 0
      vertex -81.7101 -6.93984 5
    endloop
  endfacet
  facet normal 0.361963 -0.932193 0
    outer loop
      vertex -79.6818 -6.37653 0
      vertex -79.6818 -6.37653 5
      vertex -80.6797 -6.76402 5
    endloop
  endfacet
  facet normal 0.361963 -0.932193 0
    outer loop
      vertex -80.6797 -6.76402 0
      vertex -79.6818 -6.37653 0
      vertex -80.6797 -6.76402 5
    endloop
  endfacet
  facet normal 0.544143 -0.838993 0
    outer loop
      vertex -78.7462 -5.76975 0
      vertex -78.7462 -5.76975 5
      vertex -79.6818 -6.37653 5
    endloop
  endfacet
  facet normal 0.544143 -0.838993 0
    outer loop
      vertex -79.6818 -6.37653 0
      vertex -78.7462 -5.76975 0
      vertex -79.6818 -6.37653 5
    endloop
  endfacet
  facet normal 0.704007 -0.710193 0
    outer loop
      vertex -77.9038 -4.93466 0
      vertex -77.9038 -4.93466 5
      vertex -78.7462 -5.76975 5
    endloop
  endfacet
  facet normal 0.704007 -0.710193 0
    outer loop
      vertex -78.7462 -5.76975 0
      vertex -77.9038 -4.93466 0
      vertex -78.7462 -5.76975 5
    endloop
  endfacet
  facet normal 0.830263 -0.557372 0
    outer loop
      vertex -77.1844 -3.86306 0
      vertex -77.1844 -3.86306 5
      vertex -77.9038 -4.93466 5
    endloop
  endfacet
  facet normal 0.830263 -0.557372 0
    outer loop
      vertex -77.9038 -4.93466 0
      vertex -77.1844 -3.86306 0
      vertex -77.9038 -4.93466 5
    endloop
  endfacet
  facet normal 0.918778 -0.394775 0
    outer loop
      vertex -76.6188 -2.54677 0
      vertex -76.6188 -2.54677 5
      vertex -77.1844 -3.86306 5
    endloop
  endfacet
  facet normal 0.918778 -0.394775 0
    outer loop
      vertex -77.1844 -3.86306 0
      vertex -76.6188 -2.54677 0
      vertex -77.1844 -3.86306 5
    endloop
  endfacet
  facet normal 0.960249 -0.279144 0
    outer loop
      vertex -66.5141 32.2131 0
      vertex -66.5141 32.2131 5
      vertex -76.6188 -2.54677 5
    endloop
  endfacet
  facet normal 0.960249 -0.279144 0
    outer loop
      vertex -76.6188 -2.54677 0
      vertex -66.5141 32.2131 0
      vertex -76.6188 -2.54677 5
    endloop
  endfacet
  facet normal 0 -1 0
    outer loop
      vertex -63.6846 32.2131 0
      vertex -63.6846 32.2131 5
      vertex -66.5141 32.2131 5
    endloop
  endfacet
  facet normal -0 -1 -0
    outer loop
      vertex -66.5141 32.2131 0
      vertex -63.6846 32.2131 0
      vertex -66.5141 32.2131 5
    endloop
  endfacet
  facet normal -0.961764 0.27388 0
    outer loop
      vertex -63.6846 32.2131 5
      vertex -63.6846 32.2131 0
      vertex -81.0647 -28.8191 5
    endloop
  endfacet
  facet normal -0.961764 0.27388 0
    outer loop
      vertex -81.0647 -28.8191 5
      vertex -63.6846 32.2131 0
      vertex -81.0647 -28.8191 0
    endloop
  endfacet
  facet normal 0 -1 0
    outer loop
      vertex -64.8973 -28.8191 0
      vertex -64.8973 -28.8191 5
      vertex -81.0647 -28.8191 5
    endloop
  endfacet
  facet normal -0 -1 -0
    outer loop
      vertex -81.0647 -28.8191 0
      vertex -64.8973 -28.8191 0
      vertex -81.0647 -28.8191 5
    endloop
  endfacet
  facet normal -1 0 0
    outer loop
      vertex -64.8973 -28.8191 5
      vertex -64.8973 -28.8191 0
      vertex -64.8973 -74.4923 5
    endloop
  endfacet
  facet normal -1 0 0
    outer loop
      vertex -64.8973 -74.4923 5
      vertex -64.8973 -28.8191 0
      vertex -64.8973 -74.4923 0
    endloop
  endfacet
  facet normal -0.99418 -0.107729 0
    outer loop
      vertex -64.7392 -75.9508 5
      vertex -64.8973 -74.4923 5
      vertex -64.7392 -75.9508 0
    endloop
  endfacet
  facet normal -0.99418 -0.107729 0
    outer loop
      vertex -64.7392 -75.9508 0
      vertex -64.8973 -74.4923 5
      vertex -64.8973 -74.4923 0
    endloop
  endfacet
  facet normal -0.95145 -0.307803 0
    outer loop
      vertex -64.3303 -77.2149 5
      vertex -64.7392 -75.9508 5
      vertex -64.3303 -77.2149 0
    endloop
  endfacet
  facet normal -0.95145 -0.307803 0
    outer loop
      vertex -64.3303 -77.2149 0
      vertex -64.7392 -75.9508 5
      vertex -64.7392 -75.9508 0
    endloop
  endfacet
  facet normal -0.863762 -0.503899 0
    outer loop
      vertex -63.7063 -78.2845 5
      vertex -64.3303 -77.2149 5
      vertex -63.7063 -78.2845 0
    endloop
  endfacet
  facet normal -0.863762 -0.503899 0
    outer loop
      vertex -63.7063 -78.2845 0
      vertex -64.3303 -77.2149 5
      vertex -64.3303 -77.2149 0
    endloop
  endfacet
  facet normal -0.73675 -0.676166 0
    outer loop
      vertex -62.9031 -79.1597 5
      vertex -63.7063 -78.2845 5
      vertex -62.9031 -79.1597 0
    endloop
  endfacet
  facet normal -0.73675 -0.676166 0
    outer loop
      vertex -62.9031 -79.1597 0
      vertex -63.7063 -78.2845 5
      vertex -63.7063 -78.2845 0
    endloop
  endfacet
  facet normal -0.583846 -0.811865 -0
    outer loop
      vertex -61.9565 -79.8404 0
      vertex -61.9565 -79.8404 5
      vertex -62.9031 -79.1597 5
    endloop
  endfacet
  facet normal -0.583846 -0.811865 -0
    outer loop
      vertex -62.9031 -79.1597 0
      vertex -61.9565 -79.8404 0
      vertex -62.9031 -79.1597 5
    endloop
  endfacet
  facet normal -0.419074 -0.907952 -0
    outer loop
      vertex -60.903 -80.3267 0
      vertex -60.903 -80.3267 5
      vertex -61.9565 -79.8404 5
    endloop
  endfacet
  facet normal -0.419074 -0.907952 -0
    outer loop
      vertex -61.9565 -79.8404 0
      vertex -60.903 -80.3267 0
      vertex -61.9565 -79.8404 5
    endloop
  endfacet
  facet normal -0.251038 -0.967977 -0
    outer loop
      vertex -59.7778 -80.6185 0
      vertex -59.7778 -80.6185 5
      vertex -60.903 -80.3267 5
    endloop
  endfacet
  facet normal -0.251038 -0.967977 -0
    outer loop
      vertex -60.903 -80.3267 0
      vertex -59.7778 -80.6185 0
      vertex -60.903 -80.3267 5
    endloop
  endfacet
  facet normal -0.0833664 -0.996519 -0
    outer loop
      vertex -58.6173 -80.7156 0
      vertex -58.6173 -80.7156 5
      vertex -59.7778 -80.6185 5
    endloop
  endfacet
  facet normal -0.0833664 -0.996519 -0
    outer loop
      vertex -59.7778 -80.6185 0
      vertex -58.6173 -80.7156 0
      vertex -59.7778 -80.6185 5
    endloop
  endfacet
  facet normal 0.0833865 -0.996517 0
    outer loop
      vertex -57.4571 -80.6185 0
      vertex -57.4571 -80.6185 5
      vertex -58.6173 -80.7156 5
    endloop
  endfacet
  facet normal 0.0833865 -0.996517 0
    outer loop
      vertex -58.6173 -80.7156 0
      vertex -57.4571 -80.6185 0
      vertex -58.6173 -80.7156 5
    endloop
  endfacet
  facet normal 0.251333 -0.967901 0
    outer loop
      vertex -56.3332 -80.3267 0
      vertex -56.3332 -80.3267 5
      vertex -57.4571 -80.6185 5
    endloop
  endfacet
  facet normal 0.251333 -0.967901 0
    outer loop
      vertex -57.4571 -80.6185 0
      vertex -56.3332 -80.3267 0
      vertex -57.4571 -80.6185 5
    endloop
  endfacet
  facet normal 0.419815 -0.90761 0
    outer loop
      vertex -55.282 -79.8404 0
      vertex -55.282 -79.8404 5
      vertex -56.3332 -80.3267 5
    endloop
  endfacet
  facet normal 0.419815 -0.90761 0
    outer loop
      vertex -56.3332 -80.3267 0
      vertex -55.282 -79.8404 0
      vertex -56.3332 -80.3267 5
    endloop
  endfacet
  facet normal 0.585225 -0.810871 0
    outer loop
      vertex -54.3388 -79.1597 0
      vertex -54.3388 -79.1597 5
      vertex -55.282 -79.8404 5
    endloop
  endfacet
  facet normal 0.585225 -0.810871 0
    outer loop
      vertex -55.282 -79.8404 0
      vertex -54.3388 -79.1597 0
      vertex -55.282 -79.8404 5
    endloop
  endfacet
  facet normal 0.738527 -0.674224 0
    outer loop
      vertex -53.5398 -78.2845 0
      vertex -53.5398 -78.2845 5
      vertex -54.3388 -79.1597 5
    endloop
  endfacet
  facet normal 0.738527 -0.674224 0
    outer loop
      vertex -54.3388 -79.1597 0
      vertex -53.5398 -78.2845 0
      vertex -54.3388 -79.1597 5
    endloop
  endfacet
  facet normal 0.865645 -0.500658 0
    outer loop
      vertex -52.9212 -77.2149 0
      vertex -52.9212 -77.2149 5
      vertex -53.5398 -78.2845 5
    endloop
  endfacet
  facet normal 0.865645 -0.500658 0
    outer loop
      vertex -53.5398 -78.2845 0
      vertex -52.9212 -77.2149 0
      vertex -53.5398 -78.2845 5
    endloop
  endfacet
  facet normal 0.95275 -0.303757 0
    outer loop
      vertex -52.5182 -75.9508 0
      vertex -52.5182 -75.9508 5
      vertex -52.9212 -77.2149 5
    endloop
  endfacet
  facet normal 0.95275 -0.303757 0
    outer loop
      vertex -52.9212 -77.2149 0
      vertex -52.5182 -75.9508 0
      vertex -52.9212 -77.2149 5
    endloop
  endfacet
  facet normal 0.994704 -0.102781 0
    outer loop
      vertex -52.3675 -74.4923 0
      vertex -52.3675 -74.4923 5
      vertex -52.5182 -75.9508 5
    endloop
  endfacet
  facet normal 0.994704 -0.102781 0
    outer loop
      vertex -52.5182 -75.9508 0
      vertex -52.3675 -74.4923 0
      vertex -52.5182 -75.9508 5
    endloop
  endfacet
  facet normal 1 0 0
    outer loop
      vertex -52.3675 -28.8191 0
      vertex -52.3675 -28.8191 5
      vertex -52.3675 -74.4923 5
    endloop
  endfacet
  facet normal 1 0 0
    outer loop
      vertex -52.3675 -74.4923 0
      vertex -52.3675 -28.8191 0
      vertex -52.3675 -74.4923 5
    endloop
  endfacet
  facet normal 0 -1 0
    outer loop
      vertex -48.7296 -28.8191 0
      vertex -48.7296 -28.8191 5
      vertex -52.3675 -28.8191 5
    endloop
  endfacet
  facet normal -0 -1 -0
    outer loop
      vertex -52.3675 -28.8191 0
      vertex -48.7296 -28.8191 0
      vertex -52.3675 -28.8191 5
    endloop
  endfacet
  facet normal -1 0 0
    outer loop
      vertex -48.7296 -28.8191 5
      vertex -48.7296 -28.8191 0
      vertex -48.7296 -74.4923 5
    endloop
  endfacet
  facet normal -1 0 0
    outer loop
      vertex -48.7296 -74.4923 5
      vertex -48.7296 -28.8191 0
      vertex -48.7296 -74.4923 0
    endloop
  endfacet
  facet normal -0.996043 -0.0888771 0
    outer loop
      vertex -48.6001 -75.944 5
      vertex -48.7296 -74.4923 5
      vertex -48.6001 -75.944 0
    endloop
  endfacet
  facet normal -0.996043 -0.0888771 0
    outer loop
      vertex -48.6001 -75.944 0
      vertex -48.7296 -74.4923 5
      vertex -48.7296 -74.4923 0
    endloop
  endfacet
  facet normal -0.956793 -0.290769 0
    outer loop
      vertex -48.2174 -77.2033 5
      vertex -48.6001 -75.944 5
      vertex -48.2174 -77.2033 0
    endloop
  endfacet
  facet normal -0.956793 -0.290769 0
    outer loop
      vertex -48.2174 -77.2033 0
      vertex -48.6001 -75.944 5
      vertex -48.6001 -75.944 0
    endloop
  endfacet
  facet normal -0.871588 -0.490239 0
    outer loop
      vertex -47.6177 -78.2695 5
      vertex -48.2174 -77.2033 5
      vertex -47.6177 -78.2695 0
    endloop
  endfacet
  facet normal -0.871588 -0.490239 0
    outer loop
      vertex -47.6177 -78.2695 0
      vertex -48.2174 -77.2033 5
      vertex -48.2174 -77.2033 0
    endloop
  endfacet
  facet normal -0.745638 -0.666351 0
    outer loop
      vertex -46.8373 -79.1427 5
      vertex -47.6177 -78.2695 5
      vertex -46.8373 -79.1427 0
    endloop
  endfacet
  facet normal -0.745638 -0.666351 0
    outer loop
      vertex -46.8373 -79.1427 0
      vertex -47.6177 -78.2695 5
      vertex -47.6177 -78.2695 0
    endloop
  endfacet
  facet normal -0.592419 -0.80563 -0
    outer loop
      vertex -45.9128 -79.8226 0
      vertex -45.9128 -79.8226 5
      vertex -46.8373 -79.1427 5
    endloop
  endfacet
  facet normal -0.592419 -0.80563 -0
    outer loop
      vertex -46.8373 -79.1427 0
      vertex -45.9128 -79.8226 0
      vertex -46.8373 -79.1427 5
    endloop
  endfacet
  facet normal -0.426119 -0.904667 -0
    outer loop
      vertex -44.8804 -80.3089 0
      vertex -44.8804 -80.3089 5
      vertex -45.9128 -79.8226 5
    endloop
  endfacet
  facet normal -0.426119 -0.904667 -0
    outer loop
      vertex -45.9128 -79.8226 0
      vertex -44.8804 -80.3089 0
      vertex -45.9128 -79.8226 5
    endloop
  endfacet
  facet normal -0.256171 -0.966631 -0
    outer loop
      vertex -43.7761 -80.6015 0
      vertex -43.7761 -80.6015 5
      vertex -44.8804 -80.3089 5
    endloop
  endfacet
  facet normal -0.256171 -0.966631 -0
    outer loop
      vertex -44.8804 -80.3089 0
      vertex -43.7761 -80.6015 0
      vertex -44.8804 -80.3089 5
    endloop
  endfacet
  facet normal -0.0865977 -0.996243 -0
    outer loop
      vertex -42.6364 -80.7006 0
      vertex -42.6364 -80.7006 5
      vertex -43.7761 -80.6015 5
    endloop
  endfacet
  facet normal -0.0865977 -0.996243 -0
    outer loop
      vertex -43.7761 -80.6015 0
      vertex -42.6364 -80.7006 0
      vertex -43.7761 -80.6015 5
    endloop
  endfacet
  facet normal 0.0834952 -0.996508 0
    outer loop
      vertex -41.498 -80.6052 0
      vertex -41.498 -80.6052 5
      vertex -42.6364 -80.7006 5
    endloop
  endfacet
  facet normal 0.0834952 -0.996508 0
    outer loop
      vertex -42.6364 -80.7006 0
      vertex -41.498 -80.6052 0
      vertex -42.6364 -80.7006 5
    endloop
  endfacet
  facet normal 0.254066 -0.967187 0
    outer loop
      vertex -40.3967 -80.3159 0
      vertex -40.3967 -80.3159 5
      vertex -41.498 -80.6052 5
    endloop
  endfacet
  facet normal 0.254066 -0.967187 0
    outer loop
      vertex -41.498 -80.6052 0
      vertex -40.3967 -80.3159 0
      vertex -41.498 -80.6052 5
    endloop
  endfacet
  facet normal 0.425821 -0.904807 0
    outer loop
      vertex -39.3689 -79.8322 0
      vertex -39.3689 -79.8322 5
      vertex -40.3967 -80.3159 5
    endloop
  endfacet
  facet normal 0.425821 -0.904807 0
    outer loop
      vertex -40.3967 -80.3159 0
      vertex -39.3689 -79.8322 0
      vertex -40.3967 -80.3159 5
    endloop
  endfacet
  facet normal 0.594169 -0.804341 0
    outer loop
      vertex -38.4508 -79.154 0
      vertex -38.4508 -79.154 5
      vertex -39.3689 -79.8322 5
    endloop
  endfacet
  facet normal 0.594169 -0.804341 0
    outer loop
      vertex -39.3689 -79.8322 0
      vertex -38.4508 -79.154 0
      vertex -39.3689 -79.8322 5
    endloop
  endfacet
  facet normal 0.749251 -0.662286 0
    outer loop
      vertex -37.6792 -78.2811 0
      vertex -37.6792 -78.2811 5
      vertex -38.4508 -79.154 5
    endloop
  endfacet
  facet normal 0.749251 -0.662286 0
    outer loop
      vertex -38.4508 -79.154 0
      vertex -37.6792 -78.2811 0
      vertex -38.4508 -79.154 5
    endloop
  endfacet
  facet normal 0.875551 -0.483126 0
    outer loop
      vertex -37.0899 -77.2132 0
      vertex -37.0899 -77.2132 5
      vertex -37.6792 -78.2811 5
    endloop
  endfacet
  facet normal 0.875551 -0.483126 0
    outer loop
      vertex -37.6792 -78.2811 0
      vertex -37.0899 -77.2132 0
      vertex -37.6792 -78.2811 5
    endloop
  endfacet
  facet normal 0.95955 -0.281539 0
    outer loop
      vertex -36.7194 -75.9502 0
      vertex -36.7194 -75.9502 5
      vertex -37.0899 -77.2132 5
    endloop
  endfacet
  facet normal 0.95955 -0.281539 0
    outer loop
      vertex -37.0899 -77.2132 0
      vertex -36.7194 -75.9502 0
      vertex -37.0899 -77.2132 5
    endloop
  endfacet
  facet normal 0.996881 -0.0789245 0
    outer loop
      vertex -36.6039 -74.4923 0
      vertex -36.6039 -74.4923 5
      vertex -36.7194 -75.9502 5
    endloop
  endfacet
  facet normal 0.996881 -0.0789245 0
    outer loop
      vertex -36.7194 -75.9502 0
      vertex -36.6039 -74.4923 0
      vertex -36.7194 -75.9502 5
    endloop
  endfacet
  facet normal 1 0 0
    outer loop
      vertex -36.6039 -28.8191 0
      vertex -36.6039 -28.8191 5
      vertex -36.6039 -74.4923 5
    endloop
  endfacet
  facet normal 1 0 0
    outer loop
      vertex -36.6039 -74.4923 0
      vertex -36.6039 -28.8191 0
      vertex -36.6039 -74.4923 5
    endloop
  endfacet
  facet normal 0 -1 0
    outer loop
      vertex -20.0324 -28.8191 0
      vertex -20.0324 -28.8191 5
      vertex -36.6039 -28.8191 5
    endloop
  endfacet
  facet normal -0 -1 -0
    outer loop
      vertex -36.6039 -28.8191 0
      vertex -20.0324 -28.8191 0
      vertex -36.6039 -28.8191 5
    endloop
  endfacet
  facet normal 0.960071 0.279756 0
    outer loop
      vertex -37.8166 32.2131 5
      vertex -20.0324 -28.8191 5
      vertex -20.0324 -28.8191 0
    endloop
  endfacet
  facet normal 0.960071 0.279756 0
    outer loop
      vertex -37.8166 32.2131 0
      vertex -37.8166 32.2131 5
      vertex -20.0324 -28.8191 0
    endloop
  endfacet
  facet normal 0 -1 0
    outer loop
      vertex -34.5832 32.2131 0
      vertex -34.5832 32.2131 5
      vertex -37.8166 32.2131 5
    endloop
  endfacet
  facet normal -0 -1 -0
    outer loop
      vertex -37.8166 32.2131 0
      vertex -34.5832 32.2131 0
      vertex -37.8166 32.2131 5
    endloop
  endfacet
  facet normal -0.960247 -0.279151 0
    outer loop
      vertex -24.4783 -2.54677 5
      vertex -34.5832 32.2131 5
      vertex -24.4783 -2.54677 0
    endloop
  endfacet
  facet normal -0.960247 -0.279151 0
    outer loop
      vertex -24.4783 -2.54677 0
      vertex -34.5832 32.2131 5
      vertex -34.5832 32.2131 0
    endloop
  endfacet
  facet normal -0.92513 -0.37965 0
    outer loop
      vertex -23.9245 -3.89608 5
      vertex -24.4783 -2.54677 5
      vertex -23.9245 -3.89608 0
    endloop
  endfacet
  facet normal -0.92513 -0.37965 0
    outer loop
      vertex -23.9245 -3.89608 0
      vertex -24.4783 -2.54677 5
      vertex -24.4783 -2.54677 0
    endloop
  endfacet
  facet normal -0.840023 -0.542551 0
    outer loop
      vertex -23.2173 -4.9911 5
      vertex -23.9245 -3.89608 5
      vertex -23.2173 -4.9911 0
    endloop
  endfacet
  facet normal -0.840023 -0.542551 0
    outer loop
      vertex -23.2173 -4.9911 0
      vertex -23.9245 -3.89608 5
      vertex -23.9245 -3.89608 0
    endloop
  endfacet
  facet normal -0.715252 -0.698867 0
    outer loop
      vertex -22.3867 -5.84115 5
      vertex -23.2173 -4.9911 5
      vertex -22.3867 -5.84115 0
    endloop
  endfacet
  facet normal -0.715252 -0.698867 0
    outer loop
      vertex -22.3867 -5.84115 0
      vertex -23.2173 -4.9911 5
      vertex -23.2173 -4.9911 0
    endloop
  endfacet
  facet normal -0.553937 -0.832558 -0
    outer loop
      vertex -21.4624 -6.45612 0
      vertex -21.4624 -6.45612 5
      vertex -22.3867 -5.84115 5
    endloop
  endfacet
  facet normal -0.553937 -0.832558 -0
    outer loop
      vertex -22.3867 -5.84115 0
      vertex -21.4624 -6.45612 0
      vertex -22.3867 -5.84115 5
    endloop
  endfacet
  facet normal -0.366573 -0.930389 -0
    outer loop
      vertex -20.4747 -6.8453 0
      vertex -20.4747 -6.8453 5
      vertex -21.4624 -6.45612 5
    endloop
  endfacet
  facet normal -0.366573 -0.930389 -0
    outer loop
      vertex -21.4624 -6.45612 0
      vertex -20.4747 -6.8453 0
      vertex -21.4624 -6.45612 5
    endloop
  endfacet
  facet normal -0.166695 -0.986008 -0
    outer loop
      vertex -19.453 -7.01802 0
      vertex -19.453 -7.01802 5
      vertex -20.4747 -6.8453 5
    endloop
  endfacet
  facet normal -0.166695 -0.986008 -0
    outer loop
      vertex -20.4747 -6.8453 0
      vertex -19.453 -7.01802 0
      vertex -20.4747 -6.8453 5
    endloop
  endfacet
  facet normal 0.0335621 -0.999437 0
    outer loop
      vertex -18.4277 -6.98359 0
      vertex -18.4277 -6.98359 5
      vertex -19.453 -7.01802 5
    endloop
  endfacet
  facet normal 0.0335621 -0.999437 0
    outer loop
      vertex -19.453 -7.01802 0
      vertex -18.4277 -6.98359 0
      vertex -19.453 -7.01802 5
    endloop
  endfacet
  facet normal 0.226447 -0.974024 0
    outer loop
      vertex -17.4286 -6.75132 0
      vertex -17.4286 -6.75132 5
      vertex -18.4277 -6.98359 5
    endloop
  endfacet
  facet normal 0.226447 -0.974024 0
    outer loop
      vertex -18.4277 -6.98359 0
      vertex -17.4286 -6.75132 0
      vertex -18.4277 -6.98359 5
    endloop
  endfacet
  facet normal 0.407077 -0.913394 0
    outer loop
      vertex -16.4857 -6.33109 0
      vertex -16.4857 -6.33109 5
      vertex -17.4286 -6.75132 5
    endloop
  endfacet
  facet normal 0.407077 -0.913394 0
    outer loop
      vertex -17.4286 -6.75132 0
      vertex -16.4857 -6.33109 0
      vertex -17.4286 -6.75132 5
    endloop
  endfacet
  facet normal 0.572937 -0.819599 0
    outer loop
      vertex -15.6286 -5.73193 0
      vertex -15.6286 -5.73193 5
      vertex -16.4857 -6.33109 5
    endloop
  endfacet
  facet normal 0.572937 -0.819599 0
    outer loop
      vertex -16.4857 -6.33109 0
      vertex -15.6286 -5.73193 0
      vertex -16.4857 -6.33109 5
    endloop
  endfacet
  facet normal 0.719943 -0.694033 0
    outer loop
      vertex -14.8878 -4.96344 0
      vertex -14.8878 -4.96344 5
      vertex -15.6286 -5.73193 5
    endloop
  endfacet
  facet normal 0.719943 -0.694033 0
    outer loop
      vertex -15.6286 -5.73193 0
      vertex -14.8878 -4.96344 0
      vertex -15.6286 -5.73193 5
    endloop
  endfacet
  facet normal 0.841876 -0.539671 0
    outer loop
      vertex -14.2926 -4.03493 0
      vertex -14.2926 -4.03493 5
      vertex -14.8878 -4.96344 5
    endloop
  endfacet
  facet normal 0.841876 -0.539671 0
    outer loop
      vertex -14.8878 -4.96344 0
      vertex -14.2926 -4.03493 0
      vertex -14.8878 -4.96344 5
    endloop
  endfacet
  facet normal 0.932096 -0.362211 0
    outer loop
      vertex -13.8732 -2.95571 0
      vertex -13.8732 -2.95571 5
      vertex -14.2926 -4.03493 5
    endloop
  endfacet
  facet normal 0.932096 -0.362211 0
    outer loop
      vertex -14.2926 -4.03493 0
      vertex -13.8732 -2.95571 0
      vertex -14.2926 -4.03493 5
    endloop
  endfacet
  facet normal 0.985051 -0.172264 0
    outer loop
      vertex -13.6598 -1.73567 0
      vertex -13.6598 -1.73567 5
      vertex -13.8732 -2.95571 5
    endloop
  endfacet
  facet normal 0.985051 -0.172264 0
    outer loop
      vertex -13.8732 -2.95571 0
      vertex -13.6598 -1.73567 0
      vertex -13.8732 -2.95571 5
    endloop
  endfacet
  facet normal 0.999867 0.0162784 0
    outer loop
      vertex -13.6819 -0.38354 5
      vertex -13.6598 -1.73567 5
      vertex -13.6598 -1.73567 0
    endloop
  endfacet
  facet normal 0.999867 0.0162784 0
    outer loop
      vertex -13.6819 -0.38354 0
      vertex -13.6819 -0.38354 5
      vertex -13.6598 -1.73567 0
    endloop
  endfacet
  facet normal 0.981502 0.191453 0
    outer loop
      vertex -13.9694 1.09079 5
      vertex -13.6819 -0.38354 5
      vertex -13.6819 -0.38354 0
    endloop
  endfacet
  facet normal 0.981502 0.191453 0
    outer loop
      vertex -13.9694 1.09079 0
      vertex -13.9694 1.09079 5
      vertex -13.6819 -0.38354 0
    endloop
  endfacet
  facet normal 0.957541 0.288296 0
    outer loop
      vertex -25.2868 38.6802 5
      vertex -13.9694 1.09079 5
      vertex -13.9694 1.09079 0
    endloop
  endfacet
  facet normal 0.957541 0.288296 0
    outer loop
      vertex -25.2868 38.6802 0
      vertex -25.2868 38.6802 5
      vertex -13.9694 1.09079 0
    endloop
  endfacet
  facet normal 0.91506 0.403318 0
    outer loop
      vertex -26.0511 40.4142 5
      vertex -25.2868 38.6802 5
      vertex -25.2868 38.6802 0
    endloop
  endfacet
  facet normal 0.91506 0.403318 0
    outer loop
      vertex -26.0511 40.4142 0
      vertex -26.0511 40.4142 5
      vertex -25.2868 38.6802 0
    endloop
  endfacet
  facet normal 0.863027 0.505159 0
    outer loop
      vertex -27.1797 42.3424 5
      vertex -26.0511 40.4142 5
      vertex -26.0511 40.4142 0
    endloop
  endfacet
  facet normal 0.863027 0.505159 0
    outer loop
      vertex -27.1797 42.3424 0
      vertex -27.1797 42.3424 5
      vertex -26.0511 40.4142 0
    endloop
  endfacet
  facet normal 0.801019 0.598639 0
    outer loop
      vertex -28.6698 44.3363 5
      vertex -27.1797 42.3424 5
      vertex -27.1797 42.3424 0
    endloop
  endfacet
  facet normal 0.801019 0.598639 0
    outer loop
      vertex -28.6698 44.3363 0
      vertex -28.6698 44.3363 5
      vertex -27.1797 42.3424 0
    endloop
  endfacet
  facet normal 0.744591 0.66752 0
    outer loop
      vertex -29.5498 45.3178 5
      vertex -28.6698 44.3363 5
      vertex -28.6698 44.3363 0
    endloop
  endfacet
  facet normal 0.744591 0.66752 0
    outer loop
      vertex -29.5498 45.3178 0
      vertex -29.5498 45.3178 5
      vertex -28.6698 44.3363 0
    endloop
  endfacet
  facet normal 0.699791 0.714348 -0
    outer loop
      vertex -29.5498 45.3178 5
      vertex -29.5498 45.3178 0
      vertex -30.5192 46.2675 5
    endloop
  endfacet
  facet normal 0.699791 0.714348 -0
    outer loop
      vertex -30.5192 46.2675 5
      vertex -29.5498 45.3178 0
      vertex -30.5192 46.2675 0
    endloop
  endfacet
  facet normal 0.648767 0.760987 -0
    outer loop
      vertex -30.5192 46.2675 5
      vertex -30.5192 46.2675 0
      vertex -31.5776 47.1698 5
    endloop
  endfacet
  facet normal 0.648767 0.760987 -0
    outer loop
      vertex -31.5776 47.1698 5
      vertex -30.5192 46.2675 0
      vertex -31.5776 47.1698 0
    endloop
  endfacet
  facet normal 0.590201 0.807256 -0
    outer loop
      vertex -31.5776 47.1698 5
      vertex -31.5776 47.1698 0
      vertex -32.7248 48.0085 5
    endloop
  endfacet
  facet normal 0.590201 0.807256 -0
    outer loop
      vertex -32.7248 48.0085 5
      vertex -31.5776 47.1698 0
      vertex -32.7248 48.0085 0
    endloop
  endfacet
  facet normal 0.523228 0.852193 -0
    outer loop
      vertex -32.7248 48.0085 5
      vertex -32.7248 48.0085 0
      vertex -33.9604 48.7672 5
    endloop
  endfacet
  facet normal 0.523228 0.852193 -0
    outer loop
      vertex -33.9604 48.7672 5
      vertex -32.7248 48.0085 0
      vertex -33.9604 48.7672 0
    endloop
  endfacet
  facet normal 0.4479 0.894084 -0
    outer loop
      vertex -33.9604 48.7672 5
      vertex -33.9604 48.7672 0
      vertex -35.2843 49.4304 5
    endloop
  endfacet
  facet normal 0.4479 0.894084 -0
    outer loop
      vertex -35.2843 49.4304 5
      vertex -33.9604 48.7672 0
      vertex -35.2843 49.4304 0
    endloop
  endfacet
  facet normal 0.363866 0.931451 -0
    outer loop
      vertex -35.2843 49.4304 5
      vertex -35.2843 49.4304 0
      vertex -36.6959 49.9818 5
    endloop
  endfacet
  facet normal 0.363866 0.931451 -0
    outer loop
      vertex -36.6959 49.9818 5
      vertex -35.2843 49.4304 0
      vertex -36.6959 49.9818 0
    endloop
  endfacet
  facet normal 0.272088 0.962272 -0
    outer loop
      vertex -36.6959 49.9818 5
      vertex -36.6959 49.9818 0
      vertex -38.1951 50.4057 5
    endloop
  endfacet
  facet normal 0.272088 0.962272 -0
    outer loop
      vertex -38.1951 50.4057 5
      vertex -36.6959 49.9818 0
      vertex -38.1951 50.4057 0
    endloop
  endfacet
  facet normal 0.173825 0.984777 -0
    outer loop
      vertex -38.1951 50.4057 5
      vertex -38.1951 50.4057 0
      vertex -39.7812 50.6857 5
    endloop
  endfacet
  facet normal 0.173825 0.984777 -0
    outer loop
      vertex -39.7812 50.6857 5
      vertex -38.1951 50.4057 0
      vertex -39.7812 50.6857 0
    endloop
  endfacet
  facet normal 0.0715101 0.99744 -0
    outer loop
      vertex -39.7812 50.6857 5
      vertex -39.7812 50.6857 0
      vertex -41.4542 50.8056 5
    endloop
  endfacet
  facet normal 0.0715101 0.99744 -0
    outer loop
      vertex -41.4542 50.8056 5
      vertex -39.7812 50.6857 0
      vertex -41.4542 50.8056 0
    endloop
  endfacet
  facet normal 0 1 0
    outer loop
      vertex -41.4542 50.8056 5
      vertex -41.4542 50.8056 0
      vertex -59.6429 50.8056 5
    endloop
  endfacet
  facet normal 0 1 -0
    outer loop
      vertex -59.6429 50.8056 5
      vertex -41.4542 50.8056 0
      vertex -59.6429 50.8056 0
    endloop
  endfacet
  facet normal -0.0692233 0.997601 0
    outer loop
      vertex -59.6429 50.8056 5
      vertex -59.6429 50.8056 0
      vertex -61.3633 50.6863 5
    endloop
  endfacet
  facet normal -0.0692233 0.997601 0
    outer loop
      vertex -61.3633 50.6863 5
      vertex -59.6429 50.8056 0
      vertex -61.3633 50.6863 0
    endloop
  endfacet
  facet normal -0.168418 0.985716 0
    outer loop
      vertex -61.3633 50.6863 5
      vertex -61.3633 50.6863 0
      vertex -62.9903 50.4083 5
    endloop
  endfacet
  facet normal -0.168418 0.985716 0
    outer loop
      vertex -62.9903 50.4083 5
      vertex -61.3633 50.6863 0
      vertex -62.9903 50.4083 0
    endloop
  endfacet
  facet normal -0.264694 0.964332 0
    outer loop
      vertex -62.9903 50.4083 5
      vertex -62.9903 50.4083 0
      vertex -64.5233 49.9875 5
    endloop
  endfacet
  facet normal -0.264694 0.964332 0
    outer loop
      vertex -64.5233 49.9875 5
      vertex -62.9903 50.4083 0
      vertex -64.5233 49.9875 0
    endloop
  endfacet
  facet normal -0.355759 0.934578 0
    outer loop
      vertex -64.5233 49.9875 5
      vertex -64.5233 49.9875 0
      vertex -65.9624 49.4397 5
    endloop
  endfacet
  facet normal -0.355759 0.934578 0
    outer loop
      vertex -65.9624 49.4397 5
      vertex -64.5233 49.9875 0
      vertex -65.9624 49.4397 0
    endloop
  endfacet
  facet normal -0.44019 0.897905 0
    outer loop
      vertex -65.9624 49.4397 5
      vertex -65.9624 49.4397 0
      vertex -67.3072 48.7804 5
    endloop
  endfacet
  facet normal -0.44019 0.897905 0
    outer loop
      vertex -67.3072 48.7804 5
      vertex -65.9624 49.4397 0
      vertex -67.3072 48.7804 0
    endloop
  endfacet
  facet normal -0.516909 0.85604 0
    outer loop
      vertex -67.3072 48.7804 5
      vertex -67.3072 48.7804 0
      vertex -68.5574 48.0255 5
    endloop
  endfacet
  facet normal -0.516909 0.85604 0
    outer loop
      vertex -68.5574 48.0255 5
      vertex -67.3072 48.7804 0
      vertex -68.5574 48.0255 0
    endloop
  endfacet
  facet normal -0.58565 0.810564 0
    outer loop
      vertex -68.5574 48.0255 5
      vertex -68.5574 48.0255 0
      vertex -69.7128 47.1907 5
    endloop
  endfacet
  facet normal -0.58565 0.810564 0
    outer loop
      vertex -69.7128 47.1907 5
      vertex -68.5574 48.0255 0
      vertex -69.7128 47.1907 0
    endloop
  endfacet
  facet normal -0.646652 0.762785 0
    outer loop
      vertex -69.7128 47.1907 5
      vertex -69.7128 47.1907 0
      vertex -70.7731 46.2918 5
    endloop
  endfacet
  facet normal -0.646652 0.762785 0
    outer loop
      vertex -70.7731 46.2918 5
      vertex -69.7128 47.1907 0
      vertex -70.7731 46.2918 0
    endloop
  endfacet
  facet normal -0.700397 0.713754 0
    outer loop
      vertex -70.7731 46.2918 5
      vertex -70.7731 46.2918 0
      vertex -71.7383 45.3446 5
    endloop
  endfacet
  facet normal -0.700397 0.713754 0
    outer loop
      vertex -71.7383 45.3446 5
      vertex -70.7731 46.2918 0
      vertex -71.7383 45.3446 0
    endloop
  endfacet
  facet normal -0.747861 0.663856 0
    outer loop
      vertex -71.7383 45.3446 5
      vertex -71.7383 45.3446 0
      vertex -72.6082 44.3648 5
    endloop
  endfacet
  facet normal -0.747861 0.663856 0
    outer loop
      vertex -72.6082 44.3648 5
      vertex -71.7383 45.3446 0
      vertex -72.6082 44.3648 0
    endloop
  endfacet
  facet normal -0.808469 0.588539 0
    outer loop
      vertex -72.6082 44.3648 5
      vertex -72.6082 44.3648 0
      vertex -74.0605 42.3697 5
    endloop
  endfacet
  facet normal -0.808469 0.588539 0
    outer loop
      vertex -74.0605 42.3697 5
      vertex -72.6082 44.3648 0
      vertex -74.0605 42.3697 0
    endloop
  endfacet
  facet normal -0.875658 0.482932 0
    outer loop
      vertex -74.0605 42.3697 5
      vertex -74.0605 42.3697 0
      vertex -75.1287 40.4328 5
    endloop
  endfacet
  facet normal -0.875658 0.482932 0
    outer loop
      vertex -75.1287 40.4328 5
      vertex -74.0605 42.3697 0
      vertex -75.1287 40.4328 0
    endloop
  endfacet
  facet normal -0.932005 0.362446 0
    outer loop
      vertex -75.1287 40.4328 5
      vertex -75.1287 40.4328 0
      vertex -75.8103 38.6802 5
    endloop
  endfacet
  facet normal -0.932005 0.362446 0
    outer loop
      vertex -75.8103 38.6802 5
      vertex -75.1287 40.4328 0
      vertex -75.8103 38.6802 0
    endloop
  endfacet
  facet normal -0.957541 0.288296 0
    outer loop
      vertex -75.8103 38.6802 5
      vertex -75.8103 38.6802 0
      vertex -87.1276 1.09079 5
    endloop
  endfacet
  facet normal -0.957541 0.288296 0
    outer loop
      vertex -87.1276 1.09079 5
      vertex -75.8103 38.6802 0
      vertex -87.1276 1.09079 0
    endloop
  endfacet
  facet normal -1 0 0
    outer loop
      vertex -3.4623 79.099 5
      vertex -3.4623 79.099 0
      vertex -3.4623 -79.747 5
    endloop
  endfacet
  facet normal -1 0 0
    outer loop
      vertex -3.4623 -79.747 5
      vertex -3.4623 79.099 0
      vertex -3.4623 -79.747 0
    endloop
  endfacet
  facet normal 0 -1 0
    outer loop
      vertex 11.4946 -79.747 0
      vertex 11.4946 -79.747 5
      vertex -3.4623 -79.747 5
    endloop
  endfacet
  facet normal -0 -1 -0
    outer loop
      vertex -3.4623 -79.747 0
      vertex 11.4946 -79.747 0
      vertex -3.4623 -79.747 5
    endloop
  endfacet
  facet normal 0 0 -1
    outer loop
      vertex 11.4946 79.099 0
      vertex 11.4946 -79.747 0
      vertex -3.4623 79.099 0
    endloop
  endfacet
  facet normal 0 0 -1
    outer loop
      vertex -3.4623 79.099 0
      vertex 11.4946 -79.747 0
      vertex -3.4623 -79.747 0
    endloop
  endfacet
  facet normal 0 0 1
    outer loop
      vertex 11.4946 -79.747 5
      vertex 11.4946 79.099 5
      vertex -3.4623 79.099 5
    endloop
  endfacet
  facet normal 0 0 1
    outer loop
      vertex -3.4623 -79.747 5
      vertex 11.4946 -79.747 5
      vertex -3.4623 79.099 5
    endloop
  endfacet
  facet normal 0 1 0
    outer loop
      vertex 11.4946 79.099 5
      vertex 11.4946 79.099 0
      vertex -3.4623 79.099 5
    endloop
  endfacet
  facet normal 0 1 -0
    outer loop
      vertex -3.4623 79.099 5
      vertex 11.4946 79.099 0
      vertex -3.4623 79.099 0
    endloop
  endfacet
  facet normal 1 0 0
    outer loop
      vertex 11.4946 79.099 0
      vertex 11.4946 79.099 5
      vertex 11.4946 -79.747 5
    endloop
  endfacet
  facet normal 1 0 0
    outer loop
      vertex 11.4946 -79.747 0
      vertex 11.4946 79.099 0
      vertex 11.4946 -79.747 5
    endloop
  endfacet
  facet normal -0.996791 -0.0800432 0
    outer loop
      vertex 26.5608 -8.38115 5
      vertex 26.4493 -6.9929 5
      vertex 26.5608 -8.38115 0
    endloop
  endfacet
  facet normal -0.996791 -0.0800432 0
    outer loop
      vertex 26.5608 -8.38115 0
      vertex 26.4493 -6.9929 5
      vertex 26.4493 -6.9929 0
    endloop
  endfacet
  facet normal -0 0 -1
    outer loop
      vertex 26.5244 35.0438 0
      vertex 26.747 36.6516 0
      vertex 26.4493 33.4258 0
    endloop
  endfacet
  facet normal 0 0 -1
    outer loop
      vertex 26.4493 33.4258 0
      vertex 26.747 36.6516 0
      vertex 27.1131 38.236 0
    endloop
  endfacet
  facet normal 0 0 -1
    outer loop
      vertex 26.4493 33.4258 0
      vertex 27.1131 38.236 0
      vertex 27.6183 39.784 0
    endloop
  endfacet
  facet normal 0 0 -1
    outer loop
      vertex 26.4493 33.4258 0
      vertex 27.6183 39.784 0
      vertex 28.2583 41.2829 0
    endloop
  endfacet
  facet normal 0 0 -1
    outer loop
      vertex 26.4493 33.4258 0
      vertex 28.2583 41.2829 0
      vertex 29.0294 42.7194 0
    endloop
  endfacet
  facet normal 0 0 -1
    outer loop
      vertex 26.4493 33.4258 0
      vertex 29.0294 42.7194 0
      vertex 29.9271 44.0806 0
    endloop
  endfacet
  facet normal 0 0 -1
    outer loop
      vertex 26.4493 33.4258 0
      vertex 29.9271 44.0806 0
      vertex 30.9474 45.3537 0
    endloop
  endfacet
  facet normal 0 0 -1
    outer loop
      vertex 26.4493 33.4258 0
      vertex 30.9474 45.3537 0
      vertex 32.0861 46.5257 0
    endloop
  endfacet
  facet normal 0 0 -1
    outer loop
      vertex 26.4493 33.4258 0
      vertex 32.0861 46.5257 0
      vertex 33.3389 47.5832 0
    endloop
  endfacet
  facet normal 0 0 -1
    outer loop
      vertex 26.4493 33.4258 0
      vertex 33.3389 47.5832 0
      vertex 34.7018 48.514 0
    endloop
  endfacet
  facet normal 0 0 -1
    outer loop
      vertex 26.4493 33.4258 0
      vertex 34.7018 48.514 0
      vertex 36.1704 49.3045 0
    endloop
  endfacet
  facet normal 0 0 -1
    outer loop
      vertex 26.4493 33.4258 0
      vertex 36.1704 49.3045 0
      vertex 37.741 49.9418 0
    endloop
  endfacet
  facet normal 0 0 -1
    outer loop
      vertex 26.4493 33.4258 0
      vertex 37.741 49.9418 0
      vertex 39.4089 50.4131 0
    endloop
  endfacet
  facet normal 0 0 -1
    outer loop
      vertex 26.4493 33.4258 0
      vertex 39.4089 50.4131 0
      vertex 41.1703 50.7055 0
    endloop
  endfacet
  facet normal 0 0 -1
    outer loop
      vertex 26.4493 33.4258 0
      vertex 41.1703 50.7055 0
      vertex 43.0211 50.8056 0
    endloop
  endfacet
  facet normal 0 0 -1
    outer loop
      vertex 26.4493 33.4258 0
      vertex 43.0211 50.8056 0
      vertex 70.5059 50.8056 0
    endloop
  endfacet
  facet normal 0 0 -1
    outer loop
      vertex 26.4493 33.4258 0
      vertex 70.5059 50.8056 0
      vertex 72.3592 50.6801 0
    endloop
  endfacet
  facet normal 0 0 -1
    outer loop
      vertex 26.4493 33.4258 0
      vertex 72.3592 50.6801 0
      vertex 74.1288 50.3688 0
    endloop
  endfacet
  facet normal 0 0 -1
    outer loop
      vertex 26.4493 33.4258 0
      vertex 74.1288 50.3688 0
      vertex 75.8094 49.8842 0
    endloop
  endfacet
  facet normal 0 0 -1
    outer loop
      vertex 26.4493 33.4258 0
      vertex 75.8094 49.8842 0
      vertex 77.3969 49.239 0
    endloop
  endfacet
  facet normal 0 0 -1
    outer loop
      vertex 26.4493 33.4258 0
      vertex 77.3969 49.239 0
      vertex 78.8862 48.4454 0
    endloop
  endfacet
  facet normal 0 0 -1
    outer loop
      vertex 26.4493 33.4258 0
      vertex 78.8862 48.4454 0
      vertex 80.2733 47.5152 0
    endloop
  endfacet
  facet normal 0 0 -1
    outer loop
      vertex 26.4493 33.4258 0
      vertex 80.2733 47.5152 0
      vertex 81.5529 46.4614 0
    endloop
  endfacet
  facet normal 0 0 -1
    outer loop
      vertex 26.4493 33.4258 0
      vertex 81.5529 46.4614 0
      vertex 82.721 45.2958 0
    endloop
  endfacet
  facet normal 0 0 -1
    outer loop
      vertex 26.4493 33.4258 0
      vertex 82.721 45.2958 0
      vertex 83.7723 44.0306 0
    endloop
  endfacet
  facet normal 0 0 -1
    outer loop
      vertex 26.4493 33.4258 0
      vertex 83.7723 44.0306 0
      vertex 84.7028 42.6785 0
    endloop
  endfacet
  facet normal 0 0 -1
    outer loop
      vertex 26.4493 33.4258 0
      vertex 84.7028 42.6785 0
      vertex 85.5074 41.2516 0
    endloop
  endfacet
  facet normal 0 0 -1
    outer loop
      vertex 26.4493 33.4258 0
      vertex 85.5074 41.2516 0
      vertex 86.1814 39.7623 0
    endloop
  endfacet
  facet normal 0 0 -1
    outer loop
      vertex 26.4493 33.4258 0
      vertex 86.1814 39.7623 0
      vertex 86.7207 38.2228 0
    endloop
  endfacet
  facet normal 0 0 -1
    outer loop
      vertex 26.4493 33.4258 0
      vertex 86.7207 38.2228 0
      vertex 87.1203 36.6451 0
    endloop
  endfacet
  facet normal 0 0 -1
    outer loop
      vertex 26.4493 33.4258 0
      vertex 87.1203 36.6451 0
      vertex 87.3754 35.0421 0
    endloop
  endfacet
  facet normal -0 0 -1
    outer loop
      vertex 26.4493 33.4258 0
      vertex 87.3754 35.0421 0
      vertex 87.4818 33.4258 0
    endloop
  endfacet
  facet normal -0 0 -1
    outer loop
      vertex 76.1644 30.1921 0
      vertex 87.4818 33.4258 0
      vertex 87.4818 -6.9929 0
    endloop
  endfacet
  facet normal 0 0 -1
    outer loop
      vertex 57.9761 -12.6515 0
      vertex 68.556 -79.927 0
      vertex 67.1788 -80.2857 0
    endloop
  endfacet
  facet normal 0 0 -1
    outer loop
      vertex 76.1644 -6.9929 0
      vertex 83.8053 -12.5888 0
      vertex 82.7783 -12.8685 0
    endloop
  endfacet
  facet normal 0 0 -1
    outer loop
      vertex 76.1644 30.1921 0
      vertex 87.3306 -8.39188 0
      vertex 86.9504 -9.6043 0
    endloop
  endfacet
  facet normal 0 0 -1
    outer loop
      vertex 76.268 -8.39188 0
      vertex 81.7217 -12.9616 0
      vertex 80.6679 -12.8685 0
    endloop
  endfacet
  facet normal 0 0 -1
    outer loop
      vertex 76.607 -9.6043 0
      vertex 80.6679 -12.8685 0
      vertex 79.6504 -12.5888 0
    endloop
  endfacet
  facet normal 0 0 -1
    outer loop
      vertex 77.1477 -10.6302 0
      vertex 79.6504 -12.5888 0
      vertex 78.7025 -12.1223 0
    endloop
  endfacet
  facet normal 0 0 -1
    outer loop
      vertex 57.9761 -12.6515 0
      vertex 72.975 -75.1959 0
      vertex 72.7019 -75.9759 0
    endloop
  endfacet
  facet normal 0 0 -1
    outer loop
      vertex 57.9761 -12.6515 0
      vertex 72.7019 -75.9759 0
      vertex 72.3612 -76.6916 0
    endloop
  endfacet
  facet normal 0 0 -1
    outer loop
      vertex 76.607 -9.6043 0
      vertex 79.6504 -12.5888 0
      vertex 77.1477 -10.6302 0
    endloop
  endfacet
  facet normal 0 0 -1
    outer loop
      vertex 76.1644 -6.9929 0
      vertex 81.7217 -12.9616 0
      vertex 76.268 -8.39188 0
    endloop
  endfacet
  facet normal 0 0 -1
    outer loop
      vertex 76.268 -8.39188 0
      vertex 80.6679 -12.8685 0
      vertex 76.607 -9.6043 0
    endloop
  endfacet
  facet normal 0 0 -1
    outer loop
      vertex 76.1644 30.1921 0
      vertex 86.9504 -9.6043 0
      vertex 86.375 -10.6302 0
    endloop
  endfacet
  facet normal 0 0 -1
    outer loop
      vertex 76.1644 -6.9929 0
      vertex 82.7783 -12.8685 0
      vertex 81.7217 -12.9616 0
    endloop
  endfacet
  facet normal 0 0 -1
    outer loop
      vertex 57.9761 -12.6515 0
      vertex 67.1788 -80.2857 0
      vertex 65.7541 -80.3952 0
    endloop
  endfacet
  facet normal 0 0 -1
    outer loop
      vertex 76.1644 30.1921 0
      vertex 87.4818 -6.9929 0
      vertex 87.3306 -8.39188 0
    endloop
  endfacet
  facet normal 0 0 -1
    outer loop
      vertex 26.4493 33.4258 0
      vertex 87.4818 33.4258 0
      vertex 76.1644 30.1921 0
    endloop
  endfacet
  facet normal 0 0 -1
    outer loop
      vertex 26.4493 33.4258 0
      vertex 76.1644 30.1921 0
      vertex 73.3352 30.1921 0
    endloop
  endfacet
  facet normal 0 -0 -1
    outer loop
      vertex 32.0588 -12.9162 0
      vertex 26.4493 33.4258 0
      vertex 33.1176 -12.8236 0
    endloop
  endfacet
  facet normal 0 0 -1
    outer loop
      vertex 58.0376 -73.4176 0
      vertex 58.6954 -75.9003 0
      vertex 58.1818 -74.3049 0
    endloop
  endfacet
  facet normal 0 0 -1
    outer loop
      vertex 40.596 30.1921 0
      vertex 54.9058 -75.9003 0
      vertex 54.1618 -77.2561 0
    endloop
  endfacet
  facet normal 0 0 -1
    outer loop
      vertex 40.596 30.1921 0
      vertex 54.1618 -77.2561 0
      vertex 53.1963 -78.3711 0
    endloop
  endfacet
  facet normal 0 0 -1
    outer loop
      vertex 40.596 30.1921 0
      vertex 53.1963 -78.3711 0
      vertex 52.0542 -79.2438 0
    endloop
  endfacet
  facet normal 0 0 -1
    outer loop
      vertex 40.596 30.1921 0
      vertex 52.0542 -79.2438 0
      vertex 50.78 -79.8731 0
    endloop
  endfacet
  facet normal 0 0 -1
    outer loop
      vertex 40.596 30.1921 0
      vertex 50.78 -79.8731 0
      vertex 49.4182 -80.2572 0
    endloop
  endfacet
  facet normal 0 0 -1
    outer loop
      vertex 40.596 30.1921 0
      vertex 49.4182 -80.2572 0
      vertex 48.0136 -80.3952 0
    endloop
  endfacet
  facet normal 0 0 -1
    outer loop
      vertex 40.596 30.1921 0
      vertex 48.0136 -80.3952 0
      vertex 46.611 -80.2857 0
    endloop
  endfacet
  facet normal 0 0 -1
    outer loop
      vertex 40.596 30.1921 0
      vertex 46.611 -80.2857 0
      vertex 45.2549 -79.927 0
    endloop
  endfacet
  facet normal 0 0 -1
    outer loop
      vertex 40.596 30.1921 0
      vertex 45.2549 -79.927 0
      vertex 43.99 -79.318 0
    endloop
  endfacet
  facet normal 0 0 -1
    outer loop
      vertex 40.596 30.1921 0
      vertex 43.99 -79.318 0
      vertex 42.8608 -78.4575 0
    endloop
  endfacet
  facet normal 0 0 -1
    outer loop
      vertex 40.596 30.1921 0
      vertex 42.8608 -78.4575 0
      vertex 41.9123 -77.3438 0
    endloop
  endfacet
  facet normal 0 0 -1
    outer loop
      vertex 40.596 30.1921 0
      vertex 41.9123 -77.3438 0
      vertex 41.5197 -76.6916 0
    endloop
  endfacet
  facet normal 0 0 -1
    outer loop
      vertex 58.0376 -73.4176 0
      vertex 59.4724 -77.2561 0
      vertex 58.6954 -75.9003 0
    endloop
  endfacet
  facet normal 0 0 -1
    outer loop
      vertex 58.1818 -74.3049 0
      vertex 58.6954 -75.9003 0
      vertex 58.4031 -75.1324 0
    endloop
  endfacet
  facet normal 0 0 -1
    outer loop
      vertex 57.9761 -12.6515 0
      vertex 73.2973 -73.4438 0
      vertex 73.1754 -74.352 0
    endloop
  endfacet
  facet normal 0 0 -1
    outer loop
      vertex 40.596 30.1921 0
      vertex 55.5509 -72.4713 0
      vertex 55.5089 -73.4176 0
    endloop
  endfacet
  facet normal 0 0 -1
    outer loop
      vertex 57.9761 -72.4713 0
      vertex 59.4724 -77.2561 0
      vertex 58.0376 -73.4176 0
    endloop
  endfacet
  facet normal 0 0 -1
    outer loop
      vertex 57.9761 -12.6515 0
      vertex 73.3352 -72.4713 0
      vertex 73.2973 -73.4438 0
    endloop
  endfacet
  facet normal 0 0 -1
    outer loop
      vertex 40.596 30.1921 0
      vertex 41.5197 -76.6916 0
      vertex 41.1889 -75.9759 0
    endloop
  endfacet
  facet normal 0 0 -1
    outer loop
      vertex 40.596 30.1921 0
      vertex 55.3836 -74.3049 0
      vertex 55.1807 -75.1324 0
    endloop
  endfacet
  facet normal 0 0 -1
    outer loop
      vertex 40.596 30.1921 0
      vertex 55.5089 -73.4176 0
      vertex 55.3836 -74.3049 0
    endloop
  endfacet
  facet normal 0 0 -1
    outer loop
      vertex 40.596 -72.4713 0
      vertex 40.9253 -75.1959 0
      vertex 40.6233 -73.4438 0
    endloop
  endfacet
  facet normal 0 0 -1
    outer loop
      vertex 40.596 -72.4713 0
      vertex 41.1889 -75.9759 0
      vertex 40.9253 -75.1959 0
    endloop
  endfacet
  facet normal 0 0 -1
    outer loop
      vertex 40.6233 -73.4438 0
      vertex 40.9253 -75.1959 0
      vertex 40.7351 -74.352 0
    endloop
  endfacet
  facet normal 0 0 -1
    outer loop
      vertex 40.596 30.1921 0
      vertex 55.5509 -12.6515 0
      vertex 55.5509 -72.4713 0
    endloop
  endfacet
  facet normal 0 0 -1
    outer loop
      vertex 40.596 30.1921 0
      vertex 57.9761 -12.6515 0
      vertex 55.5509 -12.6515 0
    endloop
  endfacet
  facet normal 0 0 -1
    outer loop
      vertex 26.4493 33.4258 0
      vertex 73.3352 30.1921 0
      vertex 40.596 30.1921 0
    endloop
  endfacet
  facet normal 0 -0 -1
    outer loop
      vertex 57.9761 -12.6515 0
      vertex 40.596 30.1921 0
      vertex 73.3352 30.1921 0
    endloop
  endfacet
  facet normal 0 0 -1
    outer loop
      vertex 26.4493 33.4258 0
      vertex 40.596 30.1921 0
      vertex 37.7667 30.1921 0
    endloop
  endfacet
  facet normal 0 0 -1
    outer loop
      vertex 73.3352 -72.4713 0
      vertex 57.9761 -12.6515 0
      vertex 73.3352 30.1921 0
    endloop
  endfacet
  facet normal 0 0 -1
    outer loop
      vertex 26.4493 33.4258 0
      vertex 32.0588 -12.9162 0
      vertex 31.0015 -12.8236 0
    endloop
  endfacet
  facet normal 0 0 -1
    outer loop
      vertex 26.4493 33.4258 0
      vertex 31.0015 -12.8236 0
      vertex 29.9793 -12.5462 0
    endloop
  endfacet
  facet normal 0 0 -1
    outer loop
      vertex 26.4493 33.4258 0
      vertex 29.9793 -12.5462 0
      vertex 29.0254 -12.0833 0
    endloop
  endfacet
  facet normal 0 0 -1
    outer loop
      vertex 26.4493 33.4258 0
      vertex 29.0254 -12.0833 0
      vertex 28.1731 -11.4354 0
    endloop
  endfacet
  facet normal 0 0 -1
    outer loop
      vertex 26.4493 33.4258 0
      vertex 28.1731 -11.4354 0
      vertex 27.456 -10.6025 0
    endloop
  endfacet
  facet normal 0 0 -1
    outer loop
      vertex 26.4493 33.4258 0
      vertex 27.456 -10.6025 0
      vertex 26.9073 -9.58427 0
    endloop
  endfacet
  facet normal 0 0 -1
    outer loop
      vertex 26.4493 33.4258 0
      vertex 26.9073 -9.58427 0
      vertex 26.5608 -8.38115 0
    endloop
  endfacet
  facet normal 0 0 -1
    outer loop
      vertex 26.4493 33.4258 0
      vertex 26.5608 -8.38115 0
      vertex 26.4493 -6.9929 0
    endloop
  endfacet
  facet normal 0 0 -1
    outer loop
      vertex 77.1477 -10.6302 0
      vertex 78.7025 -12.1223 0
      vertex 77.8572 -11.4695 0
    endloop
  endfacet
  facet normal 0 0 -1
    outer loop
      vertex 57.9761 -12.6515 0
      vertex 73.1754 -74.352 0
      vertex 72.975 -75.1959 0
    endloop
  endfacet
  facet normal 0 0 -1
    outer loop
      vertex 57.9761 -12.6515 0
      vertex 72.3612 -76.6916 0
      vertex 71.9588 -77.3438 0
    endloop
  endfacet
  facet normal 0 0 -1
    outer loop
      vertex 76.1644 30.1921 0
      vertex 86.375 -10.6302 0
      vertex 85.6367 -11.4695 0
    endloop
  endfacet
  facet normal 0 0 -1
    outer loop
      vertex 76.1644 30.1921 0
      vertex 85.6367 -11.4695 0
      vertex 84.7691 -12.1223 0
    endloop
  endfacet
  facet normal 0 0 -1
    outer loop
      vertex 76.1644 30.1921 0
      vertex 84.7691 -12.1223 0
      vertex 83.8053 -12.5888 0
    endloop
  endfacet
  facet normal 0 0 -1
    outer loop
      vertex 76.1644 30.1921 0
      vertex 83.8053 -12.5888 0
      vertex 76.1644 -6.9929 0
    endloop
  endfacet
  facet normal 0 0 -1
    outer loop
      vertex 57.9761 -12.6515 0
      vertex 71.9588 -77.3438 0
      vertex 70.9905 -78.4575 0
    endloop
  endfacet
  facet normal 0 0 -1
    outer loop
      vertex 57.9761 -12.6515 0
      vertex 70.9905 -78.4575 0
      vertex 69.8415 -79.318 0
    endloop
  endfacet
  facet normal 0 0 -1
    outer loop
      vertex 57.9761 -12.6515 0
      vertex 69.8415 -79.318 0
      vertex 68.556 -79.927 0
    endloop
  endfacet
  facet normal 0 0 -1
    outer loop
      vertex 57.9761 -12.6515 0
      vertex 65.7541 -80.3952 0
      vertex 64.3263 -80.2572 0
    endloop
  endfacet
  facet normal 0 0 -1
    outer loop
      vertex 57.9761 -12.6515 0
      vertex 64.3263 -80.2572 0
      vertex 62.9398 -79.8731 0
    endloop
  endfacet
  facet normal 0 0 -1
    outer loop
      vertex 57.9761 -12.6515 0
      vertex 62.9398 -79.8731 0
      vertex 61.639 -79.2438 0
    endloop
  endfacet
  facet normal 0 0 -1
    outer loop
      vertex 57.9761 -12.6515 0
      vertex 61.639 -79.2438 0
      vertex 60.4687 -78.3711 0
    endloop
  endfacet
  facet normal 0 0 -1
    outer loop
      vertex 57.9761 -12.6515 0
      vertex 60.4687 -78.3711 0
      vertex 59.4724 -77.2561 0
    endloop
  endfacet
  facet normal 0 0 -1
    outer loop
      vertex 57.9761 -12.6515 0
      vertex 59.4724 -77.2561 0
      vertex 57.9761 -72.4713 0
    endloop
  endfacet
  facet normal 0 0 -1
    outer loop
      vertex 40.596 30.1921 0
      vertex 55.1807 -75.1324 0
      vertex 54.9058 -75.9003 0
    endloop
  endfacet
  facet normal 0 0 -1
    outer loop
      vertex 40.596 30.1921 0
      vertex 41.1889 -75.9759 0
      vertex 40.596 -72.4713 0
    endloop
  endfacet
  facet normal 0 -0 -1
    outer loop
      vertex 33.1176 -12.8236 0
      vertex 26.4493 33.4258 0
      vertex 34.1444 -12.5462 0
    endloop
  endfacet
  facet normal 0 -0 -1
    outer loop
      vertex 34.1444 -12.5462 0
      vertex 26.4493 33.4258 0
      vertex 35.1062 -12.0833 0
    endloop
  endfacet
  facet normal 0 -0 -1
    outer loop
      vertex 35.1062 -12.0833 0
      vertex 26.4493 33.4258 0
      vertex 35.9692 -11.4354 0
    endloop
  endfacet
  facet normal 0 -0 -1
    outer loop
      vertex 35.9692 -11.4354 0
      vertex 26.4493 33.4258 0
      vertex 36.7002 -10.6025 0
    endloop
  endfacet
  facet normal 0 -0 -1
    outer loop
      vertex 36.7002 -10.6025 0
      vertex 26.4493 33.4258 0
      vertex 37.2655 -9.58427 0
    endloop
  endfacet
  facet normal 0 -0 -1
    outer loop
      vertex 37.2655 -9.58427 0
      vertex 26.4493 33.4258 0
      vertex 37.6321 -8.38115 0
    endloop
  endfacet
  facet normal 0 -0 -1
    outer loop
      vertex 37.6321 -8.38115 0
      vertex 26.4493 33.4258 0
      vertex 37.7667 -6.9929 0
    endloop
  endfacet
  facet normal 0 0 -1
    outer loop
      vertex 37.7667 -6.9929 0
      vertex 26.4493 33.4258 0
      vertex 37.7667 30.1921 0
    endloop
  endfacet
  facet normal -1 0 0
    outer loop
      vertex 26.4493 33.4258 5
      vertex 26.4493 33.4258 0
      vertex 26.4493 -6.9929 5
    endloop
  endfacet
  facet normal -1 0 0
    outer loop
      vertex 26.4493 -6.9929 5
      vertex 26.4493 33.4258 0
      vertex 26.4493 -6.9929 0
    endloop
  endfacet
  facet normal -0.960926 -0.276804 0
    outer loop
      vertex 26.9073 -9.58427 5
      vertex 26.5608 -8.38115 5
      vertex 26.9073 -9.58427 0
    endloop
  endfacet
  facet normal -0.960926 -0.276804 0
    outer loop
      vertex 26.9073 -9.58427 0
      vertex 26.5608 -8.38115 5
      vertex 26.5608 -8.38115 0
    endloop
  endfacet
  facet normal 0 0 1
    outer loop
      vertex 26.5608 -8.38115 5
      vertex 26.9073 -9.58427 5
      vertex 27.456 -10.6025 5
    endloop
  endfacet
  facet normal 0 0 1
    outer loop
      vertex 29.0254 -12.0833 5
      vertex 26.5608 -8.38115 5
      vertex 28.1731 -11.4354 5
    endloop
  endfacet
  facet normal 0 0 1
    outer loop
      vertex 28.1731 -11.4354 5
      vertex 26.5608 -8.38115 5
      vertex 27.456 -10.6025 5
    endloop
  endfacet
  facet normal 0 0 1
    outer loop
      vertex 29.9793 -12.5462 5
      vertex 26.5608 -8.38115 5
      vertex 29.0254 -12.0833 5
    endloop
  endfacet
  facet normal 0 0 1
    outer loop
      vertex 31.0015 -12.8236 5
      vertex 26.5608 -8.38115 5
      vertex 29.9793 -12.5462 5
    endloop
  endfacet
  facet normal 0 0 1
    outer loop
      vertex 32.0588 -12.9162 5
      vertex 26.5608 -8.38115 5
      vertex 31.0015 -12.8236 5
    endloop
  endfacet
  facet normal -0 0 1
    outer loop
      vertex 33.1176 -12.8236 5
      vertex 26.5608 -8.38115 5
      vertex 32.0588 -12.9162 5
    endloop
  endfacet
  facet normal -0 0 1
    outer loop
      vertex 34.1444 -12.5462 5
      vertex 26.5608 -8.38115 5
      vertex 33.1176 -12.8236 5
    endloop
  endfacet
  facet normal -0 0 1
    outer loop
      vertex 35.1062 -12.0833 5
      vertex 26.5608 -8.38115 5
      vertex 34.1444 -12.5462 5
    endloop
  endfacet
  facet normal -0 0 1
    outer loop
      vertex 35.9692 -11.4354 5
      vertex 26.5608 -8.38115 5
      vertex 35.1062 -12.0833 5
    endloop
  endfacet
  facet normal -0 0 1
    outer loop
      vertex 36.7002 -10.6025 5
      vertex 26.5608 -8.38115 5
      vertex 35.9692 -11.4354 5
    endloop
  endfacet
  facet normal -0 0 1
    outer loop
      vertex 37.2655 -9.58427 5
      vertex 26.5608 -8.38115 5
      vertex 36.7002 -10.6025 5
    endloop
  endfacet
  facet normal 0 0 1
    outer loop
      vertex 37.6321 -8.38115 5
      vertex 26.5608 -8.38115 5
      vertex 37.2655 -9.58427 5
    endloop
  endfacet
  facet normal 0 0 1
    outer loop
      vertex 37.7667 -6.9929 5
      vertex 26.5608 -8.38115 5
      vertex 37.6321 -8.38115 5
    endloop
  endfacet
  facet normal 0 0 1
    outer loop
      vertex 37.7667 30.1921 5
      vertex 26.5608 -8.38115 5
      vertex 37.7667 -6.9929 5
    endloop
  endfacet
  facet normal 0 0 1
    outer loop
      vertex 43.0211 50.8056 5
      vertex 26.5608 -8.38115 5
      vertex 37.7667 30.1921 5
    endloop
  endfacet
  facet normal 0 0 1
    outer loop
      vertex 87.4818 33.4258 5
      vertex 37.7667 30.1921 5
      vertex 40.596 30.1921 5
    endloop
  endfacet
  facet normal 0 0 1
    outer loop
      vertex 40.6233 -73.4438 5
      vertex 40.596 30.1921 5
      vertex 40.596 -72.4713 5
    endloop
  endfacet
  facet normal 0 0 1
    outer loop
      vertex 40.596 30.1921 5
      vertex 40.6233 -73.4438 5
      vertex 40.7351 -74.352 5
    endloop
  endfacet
  facet normal 0 0 1
    outer loop
      vertex 40.596 30.1921 5
      vertex 40.7351 -74.352 5
      vertex 40.9253 -75.1959 5
    endloop
  endfacet
  facet normal 0 0 1
    outer loop
      vertex 40.596 30.1921 5
      vertex 40.9253 -75.1959 5
      vertex 41.1889 -75.9759 5
    endloop
  endfacet
  facet normal 0 0 1
    outer loop
      vertex 40.596 30.1921 5
      vertex 41.1889 -75.9759 5
      vertex 41.5197 -76.6916 5
    endloop
  endfacet
  facet normal 0 0 1
    outer loop
      vertex 40.596 30.1921 5
      vertex 41.5197 -76.6916 5
      vertex 41.9123 -77.3438 5
    endloop
  endfacet
  facet normal 0 0 1
    outer loop
      vertex 40.596 30.1921 5
      vertex 41.9123 -77.3438 5
      vertex 42.8608 -78.4575 5
    endloop
  endfacet
  facet normal 0 0 1
    outer loop
      vertex 40.596 30.1921 5
      vertex 42.8608 -78.4575 5
      vertex 43.99 -79.318 5
    endloop
  endfacet
  facet normal 0 0 1
    outer loop
      vertex 40.596 30.1921 5
      vertex 43.99 -79.318 5
      vertex 45.2549 -79.927 5
    endloop
  endfacet
  facet normal 0 0 1
    outer loop
      vertex 40.596 30.1921 5
      vertex 45.2549 -79.927 5
      vertex 46.611 -80.2857 5
    endloop
  endfacet
  facet normal 0 0 1
    outer loop
      vertex 40.596 30.1921 5
      vertex 46.611 -80.2857 5
      vertex 48.0136 -80.3952 5
    endloop
  endfacet
  facet normal 0 0 1
    outer loop
      vertex 40.596 30.1921 5
      vertex 48.0136 -80.3952 5
      vertex 49.4182 -80.2572 5
    endloop
  endfacet
  facet normal 0 0 1
    outer loop
      vertex 40.596 30.1921 5
      vertex 49.4182 -80.2572 5
      vertex 50.78 -79.8731 5
    endloop
  endfacet
  facet normal 0 0 1
    outer loop
      vertex 40.596 30.1921 5
      vertex 50.78 -79.8731 5
      vertex 52.0542 -79.2438 5
    endloop
  endfacet
  facet normal 0 0 1
    outer loop
      vertex 40.596 30.1921 5
      vertex 52.0542 -79.2438 5
      vertex 53.1963 -78.3711 5
    endloop
  endfacet
  facet normal 0 0 1
    outer loop
      vertex 40.596 30.1921 5
      vertex 53.1963 -78.3711 5
      vertex 54.1618 -77.2561 5
    endloop
  endfacet
  facet normal 0 0 1
    outer loop
      vertex 40.596 30.1921 5
      vertex 54.1618 -77.2561 5
      vertex 54.9058 -75.9003 5
    endloop
  endfacet
  facet normal 0 0 1
    outer loop
      vertex 40.596 30.1921 5
      vertex 54.9058 -75.9003 5
      vertex 55.1807 -75.1324 5
    endloop
  endfacet
  facet normal 0 0 1
    outer loop
      vertex 40.596 30.1921 5
      vertex 55.1807 -75.1324 5
      vertex 55.3836 -74.3049 5
    endloop
  endfacet
  facet normal 0 0 1
    outer loop
      vertex 40.596 30.1921 5
      vertex 55.3836 -74.3049 5
      vertex 55.5089 -73.4176 5
    endloop
  endfacet
  facet normal 0 0 1
    outer loop
      vertex 40.596 30.1921 5
      vertex 55.5089 -73.4176 5
      vertex 55.5509 -72.4713 5
    endloop
  endfacet
  facet normal 0 0 1
    outer loop
      vertex 40.596 30.1921 5
      vertex 55.5509 -12.6515 5
      vertex 57.9761 -12.6515 5
    endloop
  endfacet
  facet normal 0 0 1
    outer loop
      vertex 40.596 30.1921 5
      vertex 55.5509 -72.4713 5
      vertex 55.5509 -12.6515 5
    endloop
  endfacet
  facet normal 0 0 1
    outer loop
      vertex 40.596 30.1921 5
      vertex 57.9761 -12.6515 5
      vertex 73.3352 30.1921 5
    endloop
  endfacet
  facet normal 0 -0 1
    outer loop
      vertex 57.9761 -12.6515 5
      vertex 57.9761 -72.4713 5
      vertex 58.0376 -73.4176 5
    endloop
  endfacet
  facet normal 0 0 1
    outer loop
      vertex 57.9761 -12.6515 5
      vertex 58.0376 -73.4176 5
      vertex 58.1818 -74.3049 5
    endloop
  endfacet
  facet normal 0 0 1
    outer loop
      vertex 57.9761 -12.6515 5
      vertex 58.1818 -74.3049 5
      vertex 58.4031 -75.1324 5
    endloop
  endfacet
  facet normal 0 0 1
    outer loop
      vertex 57.9761 -12.6515 5
      vertex 58.4031 -75.1324 5
      vertex 58.6954 -75.9003 5
    endloop
  endfacet
  facet normal 0 0 1
    outer loop
      vertex 57.9761 -12.6515 5
      vertex 58.6954 -75.9003 5
      vertex 59.4724 -77.2561 5
    endloop
  endfacet
  facet normal 0 0 1
    outer loop
      vertex 57.9761 -12.6515 5
      vertex 59.4724 -77.2561 5
      vertex 60.4687 -78.3711 5
    endloop
  endfacet
  facet normal 0 0 1
    outer loop
      vertex 57.9761 -12.6515 5
      vertex 60.4687 -78.3711 5
      vertex 61.639 -79.2438 5
    endloop
  endfacet
  facet normal 0 0 1
    outer loop
      vertex 57.9761 -12.6515 5
      vertex 61.639 -79.2438 5
      vertex 62.9398 -79.8731 5
    endloop
  endfacet
  facet normal 0 0 1
    outer loop
      vertex 57.9761 -12.6515 5
      vertex 62.9398 -79.8731 5
      vertex 64.3263 -80.2572 5
    endloop
  endfacet
  facet normal 0 0 1
    outer loop
      vertex 57.9761 -12.6515 5
      vertex 64.3263 -80.2572 5
      vertex 65.7541 -80.3952 5
    endloop
  endfacet
  facet normal 0 0 1
    outer loop
      vertex 57.9761 -12.6515 5
      vertex 65.7541 -80.3952 5
      vertex 67.1788 -80.2857 5
    endloop
  endfacet
  facet normal 0 0 1
    outer loop
      vertex 57.9761 -12.6515 5
      vertex 67.1788 -80.2857 5
      vertex 68.556 -79.927 5
    endloop
  endfacet
  facet normal 0 0 1
    outer loop
      vertex 57.9761 -12.6515 5
      vertex 68.556 -79.927 5
      vertex 69.8415 -79.318 5
    endloop
  endfacet
  facet normal 0 0 1
    outer loop
      vertex 57.9761 -12.6515 5
      vertex 69.8415 -79.318 5
      vertex 70.9905 -78.4575 5
    endloop
  endfacet
  facet normal 0 0 1
    outer loop
      vertex 57.9761 -12.6515 5
      vertex 70.9905 -78.4575 5
      vertex 71.9588 -77.3438 5
    endloop
  endfacet
  facet normal 0 0 1
    outer loop
      vertex 57.9761 -12.6515 5
      vertex 71.9588 -77.3438 5
      vertex 72.3612 -76.6916 5
    endloop
  endfacet
  facet normal 0 0 1
    outer loop
      vertex 57.9761 -12.6515 5
      vertex 72.3612 -76.6916 5
      vertex 72.7019 -75.9759 5
    endloop
  endfacet
  facet normal 0 0 1
    outer loop
      vertex 57.9761 -12.6515 5
      vertex 72.7019 -75.9759 5
      vertex 72.975 -75.1959 5
    endloop
  endfacet
  facet normal 0 0 1
    outer loop
      vertex 57.9761 -12.6515 5
      vertex 72.975 -75.1959 5
      vertex 73.1754 -74.352 5
    endloop
  endfacet
  facet normal 0 0 1
    outer loop
      vertex 57.9761 -12.6515 5
      vertex 73.1754 -74.352 5
      vertex 73.2973 -73.4438 5
    endloop
  endfacet
  facet normal 0 0 1
    outer loop
      vertex 57.9761 -12.6515 5
      vertex 73.2973 -73.4438 5
      vertex 73.3352 -72.4713 5
    endloop
  endfacet
  facet normal 0 0 1
    outer loop
      vertex 40.596 30.1921 5
      vertex 73.3352 30.1921 5
      vertex 87.4818 33.4258 5
    endloop
  endfacet
  facet normal 0 0 1
    outer loop
      vertex 57.9761 -12.6515 5
      vertex 73.3352 -72.4713 5
      vertex 73.3352 30.1921 5
    endloop
  endfacet
  facet normal 0 0 1
    outer loop
      vertex 73.3352 30.1921 5
      vertex 76.1644 30.1921 5
      vertex 87.4818 33.4258 5
    endloop
  endfacet
  facet normal 0 -0 1
    outer loop
      vertex 76.1644 30.1921 5
      vertex 76.1644 -6.9929 5
      vertex 76.268 -8.39188 5
    endloop
  endfacet
  facet normal 0 0 1
    outer loop
      vertex 76.1644 30.1921 5
      vertex 76.268 -8.39188 5
      vertex 76.607 -9.6043 5
    endloop
  endfacet
  facet normal 0 0 1
    outer loop
      vertex 76.1644 30.1921 5
      vertex 76.607 -9.6043 5
      vertex 77.1477 -10.6302 5
    endloop
  endfacet
  facet normal 0 0 1
    outer loop
      vertex 76.1644 30.1921 5
      vertex 77.1477 -10.6302 5
      vertex 77.8572 -11.4695 5
    endloop
  endfacet
  facet normal 0 0 1
    outer loop
      vertex 76.1644 30.1921 5
      vertex 77.8572 -11.4695 5
      vertex 78.7025 -12.1223 5
    endloop
  endfacet
  facet normal 0 0 1
    outer loop
      vertex 76.1644 30.1921 5
      vertex 78.7025 -12.1223 5
      vertex 79.6504 -12.5888 5
    endloop
  endfacet
  facet normal 0 0 1
    outer loop
      vertex 76.1644 30.1921 5
      vertex 79.6504 -12.5888 5
      vertex 80.6679 -12.8685 5
    endloop
  endfacet
  facet normal 0 0 1
    outer loop
      vertex 76.1644 30.1921 5
      vertex 80.6679 -12.8685 5
      vertex 81.7217 -12.9616 5
    endloop
  endfacet
  facet normal 0 0 1
    outer loop
      vertex 76.1644 30.1921 5
      vertex 81.7217 -12.9616 5
      vertex 82.7783 -12.8685 5
    endloop
  endfacet
  facet normal 0 0 1
    outer loop
      vertex 76.1644 30.1921 5
      vertex 82.7783 -12.8685 5
      vertex 83.8053 -12.5888 5
    endloop
  endfacet
  facet normal 0 0 1
    outer loop
      vertex 76.1644 30.1921 5
      vertex 83.8053 -12.5888 5
      vertex 84.7691 -12.1223 5
    endloop
  endfacet
  facet normal 0 0 1
    outer loop
      vertex 76.1644 30.1921 5
      vertex 84.7691 -12.1223 5
      vertex 85.6367 -11.4695 5
    endloop
  endfacet
  facet normal 0 0 1
    outer loop
      vertex 76.1644 30.1921 5
      vertex 85.6367 -11.4695 5
      vertex 86.375 -10.6302 5
    endloop
  endfacet
  facet normal 0 0 1
    outer loop
      vertex 76.1644 30.1921 5
      vertex 86.375 -10.6302 5
      vertex 86.9504 -9.6043 5
    endloop
  endfacet
  facet normal 0 0 1
    outer loop
      vertex 76.1644 30.1921 5
      vertex 86.9504 -9.6043 5
      vertex 87.3306 -8.39188 5
    endloop
  endfacet
  facet normal 0 0 1
    outer loop
      vertex 76.1644 30.1921 5
      vertex 87.3306 -8.39188 5
      vertex 87.4818 -6.9929 5
    endloop
  endfacet
  facet normal 0 0 1
    outer loop
      vertex 76.1644 30.1921 5
      vertex 87.4818 -6.9929 5
      vertex 87.4818 33.4258 5
    endloop
  endfacet
  facet normal 0 0 1
    outer loop
      vertex 37.7667 30.1921 5
      vertex 87.4818 33.4258 5
      vertex 87.3754 35.0421 5
    endloop
  endfacet
  facet normal 0 0 1
    outer loop
      vertex 37.7667 30.1921 5
      vertex 87.3754 35.0421 5
      vertex 87.1203 36.6451 5
    endloop
  endfacet
  facet normal 0 0 1
    outer loop
      vertex 37.7667 30.1921 5
      vertex 87.1203 36.6451 5
      vertex 86.7207 38.2228 5
    endloop
  endfacet
  facet normal 0 0 1
    outer loop
      vertex 37.7667 30.1921 5
      vertex 86.7207 38.2228 5
      vertex 86.1814 39.7623 5
    endloop
  endfacet
  facet normal 0 0 1
    outer loop
      vertex 37.7667 30.1921 5
      vertex 86.1814 39.7623 5
      vertex 85.5074 41.2516 5
    endloop
  endfacet
  facet normal 0 0 1
    outer loop
      vertex 37.7667 30.1921 5
      vertex 85.5074 41.2516 5
      vertex 84.7028 42.6785 5
    endloop
  endfacet
  facet normal 0 0 1
    outer loop
      vertex 37.7667 30.1921 5
      vertex 84.7028 42.6785 5
      vertex 83.7723 44.0306 5
    endloop
  endfacet
  facet normal 0 0 1
    outer loop
      vertex 37.7667 30.1921 5
      vertex 83.7723 44.0306 5
      vertex 82.721 45.2958 5
    endloop
  endfacet
  facet normal 0 0 1
    outer loop
      vertex 37.7667 30.1921 5
      vertex 82.721 45.2958 5
      vertex 81.5529 46.4614 5
    endloop
  endfacet
  facet normal 0 0 1
    outer loop
      vertex 37.7667 30.1921 5
      vertex 81.5529 46.4614 5
      vertex 80.2733 47.5152 5
    endloop
  endfacet
  facet normal 0 0 1
    outer loop
      vertex 37.7667 30.1921 5
      vertex 80.2733 47.5152 5
      vertex 78.8862 48.4454 5
    endloop
  endfacet
  facet normal 0 0 1
    outer loop
      vertex 37.7667 30.1921 5
      vertex 78.8862 48.4454 5
      vertex 77.3969 49.239 5
    endloop
  endfacet
  facet normal 0 0 1
    outer loop
      vertex 37.7667 30.1921 5
      vertex 77.3969 49.239 5
      vertex 75.8094 49.8842 5
    endloop
  endfacet
  facet normal 0 0 1
    outer loop
      vertex 37.7667 30.1921 5
      vertex 75.8094 49.8842 5
      vertex 74.1288 50.3688 5
    endloop
  endfacet
  facet normal 0 0 1
    outer loop
      vertex 37.7667 30.1921 5
      vertex 74.1288 50.3688 5
      vertex 72.3592 50.6801 5
    endloop
  endfacet
  facet normal 0 0 1
    outer loop
      vertex 37.7667 30.1921 5
      vertex 72.3592 50.6801 5
      vertex 70.5059 50.8056 5
    endloop
  endfacet
  facet normal 0 0 1
    outer loop
      vertex 37.7667 30.1921 5
      vertex 70.5059 50.8056 5
      vertex 43.0211 50.8056 5
    endloop
  endfacet
  facet normal 0 0 1
    outer loop
      vertex 26.5608 -8.38115 5
      vertex 43.0211 50.8056 5
      vertex 41.1703 50.7055 5
    endloop
  endfacet
  facet normal 0 0 1
    outer loop
      vertex 26.5608 -8.38115 5
      vertex 41.1703 50.7055 5
      vertex 39.4089 50.4131 5
    endloop
  endfacet
  facet normal 0 0 1
    outer loop
      vertex 26.5608 -8.38115 5
      vertex 39.4089 50.4131 5
      vertex 37.741 49.9418 5
    endloop
  endfacet
  facet normal 0 0 1
    outer loop
      vertex 26.5608 -8.38115 5
      vertex 37.741 49.9418 5
      vertex 36.1704 49.3045 5
    endloop
  endfacet
  facet normal 0 0 1
    outer loop
      vertex 26.5608 -8.38115 5
      vertex 36.1704 49.3045 5
      vertex 34.7018 48.514 5
    endloop
  endfacet
  facet normal 0 0 1
    outer loop
      vertex 26.5608 -8.38115 5
      vertex 34.7018 48.514 5
      vertex 33.3389 47.5832 5
    endloop
  endfacet
  facet normal 0 0 1
    outer loop
      vertex 26.5608 -8.38115 5
      vertex 33.3389 47.5832 5
      vertex 32.0861 46.5257 5
    endloop
  endfacet
  facet normal 0 0 1
    outer loop
      vertex 26.5608 -8.38115 5
      vertex 32.0861 46.5257 5
      vertex 30.9474 45.3537 5
    endloop
  endfacet
  facet normal 0 0 1
    outer loop
      vertex 26.5608 -8.38115 5
      vertex 30.9474 45.3537 5
      vertex 29.9271 44.0806 5
    endloop
  endfacet
  facet normal 0 0 1
    outer loop
      vertex 26.5608 -8.38115 5
      vertex 29.9271 44.0806 5
      vertex 29.0294 42.7194 5
    endloop
  endfacet
  facet normal 0 0 1
    outer loop
      vertex 26.5608 -8.38115 5
      vertex 29.0294 42.7194 5
      vertex 28.2583 41.2829 5
    endloop
  endfacet
  facet normal 0 0 1
    outer loop
      vertex 26.5608 -8.38115 5
      vertex 28.2583 41.2829 5
      vertex 27.6183 39.784 5
    endloop
  endfacet
  facet normal 0 0 1
    outer loop
      vertex 26.5608 -8.38115 5
      vertex 27.6183 39.784 5
      vertex 27.1131 38.236 5
    endloop
  endfacet
  facet normal 0 0 1
    outer loop
      vertex 26.5608 -8.38115 5
      vertex 27.1131 38.236 5
      vertex 26.747 36.6516 5
    endloop
  endfacet
  facet normal 0 0 1
    outer loop
      vertex 26.5608 -8.38115 5
      vertex 26.747 36.6516 5
      vertex 26.5244 35.0438 5
    endloop
  endfacet
  facet normal 0 0 1
    outer loop
      vertex 26.5608 -8.38115 5
      vertex 26.5244 35.0438 5
      vertex 26.4493 33.4258 5
    endloop
  endfacet
  facet normal 0 0 1
    outer loop
      vertex 26.5608 -8.38115 5
      vertex 26.4493 33.4258 5
      vertex 26.4493 -6.9929 5
    endloop
  endfacet
  facet normal -0.998925 0.0463482 0
    outer loop
      vertex 26.5244 35.0438 5
      vertex 26.5244 35.0438 0
      vertex 26.4493 33.4258 5
    endloop
  endfacet
  facet normal -0.998925 0.0463482 0
    outer loop
      vertex 26.4493 33.4258 5
      vertex 26.5244 35.0438 0
      vertex 26.4493 33.4258 0
    endloop
  endfacet
  facet normal -0.880346 -0.474333 0
    outer loop
      vertex 27.456 -10.6025 5
      vertex 26.9073 -9.58427 5
      vertex 27.456 -10.6025 0
    endloop
  endfacet
  facet normal -0.880346 -0.474333 0
    outer loop
      vertex 27.456 -10.6025 0
      vertex 26.9073 -9.58427 5
      vertex 26.9073 -9.58427 0
    endloop
  endfacet
  facet normal -0.757786 -0.652503 0
    outer loop
      vertex 28.1731 -11.4354 5
      vertex 27.456 -10.6025 5
      vertex 28.1731 -11.4354 0
    endloop
  endfacet
  facet normal -0.757786 -0.652503 0
    outer loop
      vertex 28.1731 -11.4354 0
      vertex 27.456 -10.6025 5
      vertex 27.456 -10.6025 0
    endloop
  endfacet
  facet normal -0.605217 -0.796061 -0
    outer loop
      vertex 29.0254 -12.0833 0
      vertex 29.0254 -12.0833 5
      vertex 28.1731 -11.4354 5
    endloop
  endfacet
  facet normal -0.605217 -0.796061 -0
    outer loop
      vertex 28.1731 -11.4354 0
      vertex 29.0254 -12.0833 0
      vertex 28.1731 -11.4354 5
    endloop
  endfacet
  facet normal -0.436535 -0.899687 -0
    outer loop
      vertex 29.9793 -12.5462 0
      vertex 29.9793 -12.5462 5
      vertex 29.0254 -12.0833 5
    endloop
  endfacet
  facet normal -0.436535 -0.899687 -0
    outer loop
      vertex 29.0254 -12.0833 0
      vertex 29.9793 -12.5462 0
      vertex 29.0254 -12.0833 5
    endloop
  endfacet
  facet normal -0.261922 -0.965089 -0
    outer loop
      vertex 31.0015 -12.8236 0
      vertex 31.0015 -12.8236 5
      vertex 29.9793 -12.5462 5
    endloop
  endfacet
  facet normal -0.261922 -0.965089 -0
    outer loop
      vertex 29.9793 -12.5462 0
      vertex 31.0015 -12.8236 0
      vertex 29.9793 -12.5462 5
    endloop
  endfacet
  facet normal -0.0872263 -0.996189 -0
    outer loop
      vertex 32.0588 -12.9162 0
      vertex 32.0588 -12.9162 5
      vertex 31.0015 -12.8236 5
    endloop
  endfacet
  facet normal -0.0872263 -0.996189 -0
    outer loop
      vertex 31.0015 -12.8236 0
      vertex 32.0588 -12.9162 0
      vertex 31.0015 -12.8236 5
    endloop
  endfacet
  facet normal 0.0870879 -0.996201 0
    outer loop
      vertex 33.1176 -12.8236 0
      vertex 33.1176 -12.8236 5
      vertex 32.0588 -12.9162 5
    endloop
  endfacet
  facet normal 0.0870879 -0.996201 0
    outer loop
      vertex 32.0588 -12.9162 0
      vertex 33.1176 -12.8236 0
      vertex 32.0588 -12.9162 5
    endloop
  endfacet
  facet normal 0.260849 -0.96538 0
    outer loop
      vertex 34.1444 -12.5462 0
      vertex 34.1444 -12.5462 5
      vertex 33.1176 -12.8236 5
    endloop
  endfacet
  facet normal 0.260849 -0.96538 0
    outer loop
      vertex 33.1176 -12.8236 0
      vertex 34.1444 -12.5462 0
      vertex 33.1176 -12.8236 5
    endloop
  endfacet
  facet normal 0.433625 -0.901094 0
    outer loop
      vertex 35.1062 -12.0833 0
      vertex 35.1062 -12.0833 5
      vertex 34.1444 -12.5462 5
    endloop
  endfacet
  facet normal 0.433625 -0.901094 0
    outer loop
      vertex 34.1444 -12.5462 0
      vertex 35.1062 -12.0833 0
      vertex 34.1444 -12.5462 5
    endloop
  endfacet
  facet normal 0.600418 -0.799686 0
    outer loop
      vertex 35.9692 -11.4354 0
      vertex 35.9692 -11.4354 5
      vertex 35.1062 -12.0833 5
    endloop
  endfacet
  facet normal 0.600418 -0.799686 0
    outer loop
      vertex 35.1062 -12.0833 0
      vertex 35.9692 -11.4354 0
      vertex 35.1062 -12.0833 5
    endloop
  endfacet
  facet normal 0.751582 -0.65964 0
    outer loop
      vertex 36.7002 -10.6025 0
      vertex 36.7002 -10.6025 5
      vertex 35.9692 -11.4354 5
    endloop
  endfacet
  facet normal 0.751582 -0.65964 0
    outer loop
      vertex 35.9692 -11.4354 0
      vertex 36.7002 -10.6025 0
      vertex 35.9692 -11.4354 5
    endloop
  endfacet
  facet normal 0.874306 -0.485375 0
    outer loop
      vertex 37.2655 -9.58427 0
      vertex 37.2655 -9.58427 5
      vertex 36.7002 -10.6025 5
    endloop
  endfacet
  facet normal 0.874306 -0.485375 0
    outer loop
      vertex 36.7002 -10.6025 0
      vertex 37.2655 -9.58427 0
      vertex 36.7002 -10.6025 5
    endloop
  endfacet
  facet normal 0.956576 -0.291483 0
    outer loop
      vertex 37.6321 -8.38115 0
      vertex 37.6321 -8.38115 5
      vertex 37.2655 -9.58427 5
    endloop
  endfacet
  facet normal 0.956576 -0.291483 0
    outer loop
      vertex 37.2655 -9.58427 0
      vertex 37.6321 -8.38115 0
      vertex 37.2655 -9.58427 5
    endloop
  endfacet
  facet normal 0.995331 -0.0965182 0
    outer loop
      vertex 37.7667 -6.9929 0
      vertex 37.7667 -6.9929 5
      vertex 37.6321 -8.38115 5
    endloop
  endfacet
  facet normal 0.995331 -0.0965182 0
    outer loop
      vertex 37.6321 -8.38115 0
      vertex 37.7667 -6.9929 0
      vertex 37.6321 -8.38115 5
    endloop
  endfacet
  facet normal 1 0 0
    outer loop
      vertex 37.7667 30.1921 0
      vertex 37.7667 30.1921 5
      vertex 37.7667 -6.9929 5
    endloop
  endfacet
  facet normal 1 0 0
    outer loop
      vertex 37.7667 -6.9929 0
      vertex 37.7667 30.1921 0
      vertex 37.7667 -6.9929 5
    endloop
  endfacet
  facet normal 0 -1 0
    outer loop
      vertex 40.596 30.1921 0
      vertex 40.596 30.1921 5
      vertex 37.7667 30.1921 5
    endloop
  endfacet
  facet normal -0 -1 -0
    outer loop
      vertex 37.7667 30.1921 0
      vertex 40.596 30.1921 0
      vertex 37.7667 30.1921 5
    endloop
  endfacet
  facet normal -1 0 0
    outer loop
      vertex 40.596 30.1921 5
      vertex 40.596 30.1921 0
      vertex 40.596 -72.4713 5
    endloop
  endfacet
  facet normal -1 0 0
    outer loop
      vertex 40.596 -72.4713 5
      vertex 40.596 30.1921 0
      vertex 40.596 -72.4713 0
    endloop
  endfacet
  facet normal -0.999604 -0.0281374 0
    outer loop
      vertex 40.6233 -73.4438 5
      vertex 40.596 -72.4713 5
      vertex 40.6233 -73.4438 0
    endloop
  endfacet
  facet normal -0.999604 -0.0281374 0
    outer loop
      vertex 40.6233 -73.4438 0
      vertex 40.596 -72.4713 5
      vertex 40.596 -72.4713 0
    endloop
  endfacet
  facet normal -0.992513 -0.122137 0
    outer loop
      vertex 40.7351 -74.352 5
      vertex 40.6233 -73.4438 5
      vertex 40.7351 -74.352 0
    endloop
  endfacet
  facet normal -0.992513 -0.122137 0
    outer loop
      vertex 40.7351 -74.352 0
      vertex 40.6233 -73.4438 5
      vertex 40.6233 -73.4438 0
    endloop
  endfacet
  facet normal -0.975522 -0.2199 0
    outer loop
      vertex 40.9253 -75.1959 5
      vertex 40.7351 -74.352 5
      vertex 40.9253 -75.1959 0
    endloop
  endfacet
  facet normal -0.975522 -0.2199 0
    outer loop
      vertex 40.9253 -75.1959 0
      vertex 40.7351 -74.352 5
      vertex 40.7351 -74.352 0
    endloop
  endfacet
  facet normal -0.947373 -0.320132 0
    outer loop
      vertex 41.1889 -75.9759 5
      vertex 40.9253 -75.1959 5
      vertex 41.1889 -75.9759 0
    endloop
  endfacet
  facet normal -0.947373 -0.320132 0
    outer loop
      vertex 41.1889 -75.9759 0
      vertex 40.9253 -75.1959 5
      vertex 40.9253 -75.1959 0
    endloop
  endfacet
  facet normal -0.90775 -0.419512 0
    outer loop
      vertex 41.5197 -76.6916 5
      vertex 41.1889 -75.9759 5
      vertex 41.5197 -76.6916 0
    endloop
  endfacet
  facet normal -0.90775 -0.419512 0
    outer loop
      vertex 41.5197 -76.6916 0
      vertex 41.1889 -75.9759 5
      vertex 41.1889 -75.9759 0
    endloop
  endfacet
  facet normal -0.856772 -0.515695 0
    outer loop
      vertex 41.9123 -77.3438 5
      vertex 41.5197 -76.6916 5
      vertex 41.9123 -77.3438 0
    endloop
  endfacet
  facet normal -0.856772 -0.515695 0
    outer loop
      vertex 41.9123 -77.3438 0
      vertex 41.5197 -76.6916 5
      vertex 41.5197 -76.6916 0
    endloop
  endfacet
  facet normal -0.761282 -0.648421 0
    outer loop
      vertex 42.8608 -78.4575 5
      vertex 41.9123 -77.3438 5
      vertex 42.8608 -78.4575 0
    endloop
  endfacet
  facet normal -0.761282 -0.648421 0
    outer loop
      vertex 42.8608 -78.4575 0
      vertex 41.9123 -77.3438 5
      vertex 41.9123 -77.3438 0
    endloop
  endfacet
  facet normal -0.606121 -0.795372 -0
    outer loop
      vertex 43.99 -79.318 0
      vertex 43.99 -79.318 5
      vertex 42.8608 -78.4575 5
    endloop
  endfacet
  facet normal -0.606121 -0.795372 -0
    outer loop
      vertex 42.8608 -78.4575 0
      vertex 43.99 -79.318 0
      vertex 42.8608 -78.4575 5
    endloop
  endfacet
  facet normal -0.433816 -0.901002 -0
    outer loop
      vertex 45.2549 -79.927 0
      vertex 45.2549 -79.927 5
      vertex 43.99 -79.318 5
    endloop
  endfacet
  facet normal -0.433816 -0.901002 -0
    outer loop
      vertex 43.99 -79.318 0
      vertex 45.2549 -79.927 0
      vertex 43.99 -79.318 5
    endloop
  endfacet
  facet normal -0.255721 -0.966751 -0
    outer loop
      vertex 46.611 -80.2857 0
      vertex 46.611 -80.2857 5
      vertex 45.2549 -79.927 5
    endloop
  endfacet
  facet normal -0.255721 -0.966751 -0
    outer loop
      vertex 45.2549 -79.927 0
      vertex 46.611 -80.2857 0
      vertex 45.2549 -79.927 5
    endloop
  endfacet
  facet normal -0.0778316 -0.996967 -0
    outer loop
      vertex 48.0136 -80.3952 0
      vertex 48.0136 -80.3952 5
      vertex 46.611 -80.2857 5
    endloop
  endfacet
  facet normal -0.0778316 -0.996967 -0
    outer loop
      vertex 46.611 -80.2857 0
      vertex 48.0136 -80.3952 0
      vertex 46.611 -80.2857 5
    endloop
  endfacet
  facet normal 0.0977811 -0.995208 0
    outer loop
      vertex 49.4182 -80.2572 0
      vertex 49.4182 -80.2572 5
      vertex 48.0136 -80.3952 5
    endloop
  endfacet
  facet normal 0.0977811 -0.995208 0
    outer loop
      vertex 48.0136 -80.3952 0
      vertex 49.4182 -80.2572 0
      vertex 48.0136 -80.3952 5
    endloop
  endfacet
  facet normal 0.271479 -0.962444 0
    outer loop
      vertex 50.78 -79.8731 0
      vertex 50.78 -79.8731 5
      vertex 49.4182 -80.2572 5
    endloop
  endfacet
  facet normal 0.271479 -0.962444 0
    outer loop
      vertex 49.4182 -80.2572 0
      vertex 50.78 -79.8731 0
      vertex 49.4182 -80.2572 5
    endloop
  endfacet
  facet normal 0.442839 -0.896601 0
    outer loop
      vertex 52.0542 -79.2438 0
      vertex 52.0542 -79.2438 5
      vertex 50.78 -79.8731 5
    endloop
  endfacet
  facet normal 0.442839 -0.896601 0
    outer loop
      vertex 50.78 -79.8731 0
      vertex 52.0542 -79.2438 0
      vertex 50.78 -79.8731 5
    endloop
  endfacet
  facet normal 0.607108 -0.79462 0
    outer loop
      vertex 53.1963 -78.3711 0
      vertex 53.1963 -78.3711 5
      vertex 52.0542 -79.2438 5
    endloop
  endfacet
  facet normal 0.607108 -0.79462 0
    outer loop
      vertex 52.0542 -79.2438 0
      vertex 53.1963 -78.3711 0
      vertex 52.0542 -79.2438 5
    endloop
  endfacet
  facet normal 0.755992 -0.654581 0
    outer loop
      vertex 54.1618 -77.2561 0
      vertex 54.1618 -77.2561 5
      vertex 53.1963 -78.3711 5
    endloop
  endfacet
  facet normal 0.755992 -0.654581 0
    outer loop
      vertex 53.1963 -78.3711 0
      vertex 54.1618 -77.2561 0
      vertex 53.1963 -78.3711 5
    endloop
  endfacet
  facet normal 0.876693 -0.48105 0
    outer loop
      vertex 54.9058 -75.9003 0
      vertex 54.9058 -75.9003 5
      vertex 54.1618 -77.2561 5
    endloop
  endfacet
  facet normal 0.876693 -0.48105 0
    outer loop
      vertex 54.1618 -77.2561 0
      vertex 54.9058 -75.9003 0
      vertex 54.1618 -77.2561 5
    endloop
  endfacet
  facet normal 0.941499 -0.337016 0
    outer loop
      vertex 55.1807 -75.1324 0
      vertex 55.1807 -75.1324 5
      vertex 54.9058 -75.9003 5
    endloop
  endfacet
  facet normal 0.941499 -0.337016 0
    outer loop
      vertex 54.9058 -75.9003 0
      vertex 55.1807 -75.1324 0
      vertex 54.9058 -75.9003 5
    endloop
  endfacet
  facet normal 0.971224 -0.238168 0
    outer loop
      vertex 55.3836 -74.3049 0
      vertex 55.3836 -74.3049 5
      vertex 55.1807 -75.1324 5
    endloop
  endfacet
  facet normal 0.971224 -0.238168 0
    outer loop
      vertex 55.1807 -75.1324 0
      vertex 55.3836 -74.3049 0
      vertex 55.1807 -75.1324 5
    endloop
  endfacet
  facet normal 0.990175 -0.139834 0
    outer loop
      vertex 55.5089 -73.4176 0
      vertex 55.5089 -73.4176 5
      vertex 55.3836 -74.3049 5
    endloop
  endfacet
  facet normal 0.990175 -0.139834 0
    outer loop
      vertex 55.3836 -74.3049 0
      vertex 55.5089 -73.4176 0
      vertex 55.3836 -74.3049 5
    endloop
  endfacet
  facet normal 0.999014 -0.044394 0
    outer loop
      vertex 55.5509 -72.4713 0
      vertex 55.5509 -72.4713 5
      vertex 55.5089 -73.4176 5
    endloop
  endfacet
  facet normal 0.999014 -0.044394 0
    outer loop
      vertex 55.5089 -73.4176 0
      vertex 55.5509 -72.4713 0
      vertex 55.5089 -73.4176 5
    endloop
  endfacet
  facet normal 1 0 0
    outer loop
      vertex 55.5509 -12.6515 0
      vertex 55.5509 -12.6515 5
      vertex 55.5509 -72.4713 5
    endloop
  endfacet
  facet normal 1 0 0
    outer loop
      vertex 55.5509 -72.4713 0
      vertex 55.5509 -12.6515 0
      vertex 55.5509 -72.4713 5
    endloop
  endfacet
  facet normal 0 -1 0
    outer loop
      vertex 57.9761 -12.6515 0
      vertex 57.9761 -12.6515 5
      vertex 55.5509 -12.6515 5
    endloop
  endfacet
  facet normal -0 -1 -0
    outer loop
      vertex 55.5509 -12.6515 0
      vertex 57.9761 -12.6515 0
      vertex 55.5509 -12.6515 5
    endloop
  endfacet
  facet normal -1 0 0
    outer loop
      vertex 57.9761 -12.6515 5
      vertex 57.9761 -12.6515 0
      vertex 57.9761 -72.4713 5
    endloop
  endfacet
  facet normal -1 0 0
    outer loop
      vertex 57.9761 -72.4713 5
      vertex 57.9761 -12.6515 0
      vertex 57.9761 -72.4713 0
    endloop
  endfacet
  facet normal -0.997893 -0.0648794 0
    outer loop
      vertex 58.0376 -73.4176 5
      vertex 57.9761 -72.4713 5
      vertex 58.0376 -73.4176 0
    endloop
  endfacet
  facet normal -0.997893 -0.0648794 0
    outer loop
      vertex 58.0376 -73.4176 0
      vertex 57.9761 -72.4713 5
      vertex 57.9761 -72.4713 0
    endloop
  endfacet
  facet normal -0.987048 -0.160427 0
    outer loop
      vertex 58.1818 -74.3049 5
      vertex 58.0376 -73.4176 5
      vertex 58.1818 -74.3049 0
    endloop
  endfacet
  facet normal -0.987048 -0.160427 0
    outer loop
      vertex 58.1818 -74.3049 0
      vertex 58.0376 -73.4176 5
      vertex 58.0376 -73.4176 0
    endloop
  endfacet
  facet normal -0.96606 -0.258319 0
    outer loop
      vertex 58.4031 -75.1324 5
      vertex 58.1818 -74.3049 5
      vertex 58.4031 -75.1324 0
    endloop
  endfacet
  facet normal -0.96606 -0.258319 0
    outer loop
      vertex 58.4031 -75.1324 0
      vertex 58.1818 -74.3049 5
      vertex 58.1818 -74.3049 0
    endloop
  endfacet
  facet normal -0.934553 -0.355824 0
    outer loop
      vertex 58.6954 -75.9003 5
      vertex 58.4031 -75.1324 5
      vertex 58.6954 -75.9003 0
    endloop
  endfacet
  facet normal -0.934553 -0.355824 0
    outer loop
      vertex 58.6954 -75.9003 0
      vertex 58.4031 -75.1324 5
      vertex 58.4031 -75.1324 0
    endloop
  endfacet
  facet normal -0.867631 -0.497208 0
    outer loop
      vertex 59.4724 -77.2561 5
      vertex 58.6954 -75.9003 5
      vertex 59.4724 -77.2561 0
    endloop
  endfacet
  facet normal -0.867631 -0.497208 0
    outer loop
      vertex 59.4724 -77.2561 0
      vertex 58.6954 -75.9003 5
      vertex 58.6954 -75.9003 0
    endloop
  endfacet
  facet normal -0.74572 -0.66626 0
    outer loop
      vertex 60.4687 -78.3711 5
      vertex 59.4724 -77.2561 5
      vertex 60.4687 -78.3711 0
    endloop
  endfacet
  facet normal -0.74572 -0.66626 0
    outer loop
      vertex 60.4687 -78.3711 0
      vertex 59.4724 -77.2561 5
      vertex 59.4724 -77.2561 0
    endloop
  endfacet
  facet normal -0.59774 -0.80169 -0
    outer loop
      vertex 61.639 -79.2438 0
      vertex 61.639 -79.2438 5
      vertex 60.4687 -78.3711 5
    endloop
  endfacet
  facet normal -0.59774 -0.80169 -0
    outer loop
      vertex 60.4687 -78.3711 0
      vertex 61.639 -79.2438 0
      vertex 60.4687 -78.3711 5
    endloop
  endfacet
  facet normal -0.435535 -0.900172 -0
    outer loop
      vertex 62.9398 -79.8731 0
      vertex 62.9398 -79.8731 5
      vertex 61.639 -79.2438 5
    endloop
  endfacet
  facet normal -0.435535 -0.900172 -0
    outer loop
      vertex 61.639 -79.2438 0
      vertex 62.9398 -79.8731 0
      vertex 61.639 -79.2438 5
    endloop
  endfacet
  facet normal -0.266966 -0.963706 -0
    outer loop
      vertex 64.3263 -80.2572 0
      vertex 64.3263 -80.2572 5
      vertex 62.9398 -79.8731 5
    endloop
  endfacet
  facet normal -0.266966 -0.963706 -0
    outer loop
      vertex 62.9398 -79.8731 0
      vertex 64.3263 -80.2572 0
      vertex 62.9398 -79.8731 5
    endloop
  endfacet
  facet normal -0.096211 -0.995361 -0
    outer loop
      vertex 65.7541 -80.3952 0
      vertex 65.7541 -80.3952 5
      vertex 64.3263 -80.2572 5
    endloop
  endfacet
  facet normal -0.096211 -0.995361 -0
    outer loop
      vertex 64.3263 -80.2572 0
      vertex 65.7541 -80.3952 0
      vertex 64.3263 -80.2572 5
    endloop
  endfacet
  facet normal 0.0766361 -0.997059 0
    outer loop
      vertex 67.1788 -80.2857 0
      vertex 67.1788 -80.2857 5
      vertex 65.7541 -80.3952 5
    endloop
  endfacet
  facet normal 0.0766361 -0.997059 0
    outer loop
      vertex 65.7541 -80.3952 0
      vertex 67.1788 -80.2857 0
      vertex 65.7541 -80.3952 5
    endloop
  endfacet
  facet normal 0.252042 -0.967716 0
    outer loop
      vertex 68.556 -79.927 0
      vertex 68.556 -79.927 5
      vertex 67.1788 -80.2857 5
    endloop
  endfacet
  facet normal 0.252042 -0.967716 0
    outer loop
      vertex 67.1788 -80.2857 0
      vertex 68.556 -79.927 0
      vertex 67.1788 -80.2857 5
    endloop
  endfacet
  facet normal 0.428146 -0.90371 0
    outer loop
      vertex 69.8415 -79.318 0
      vertex 69.8415 -79.318 5
      vertex 68.556 -79.927 5
    endloop
  endfacet
  facet normal 0.428146 -0.90371 0
    outer loop
      vertex 68.556 -79.927 0
      vertex 69.8415 -79.318 0
      vertex 68.556 -79.927 5
    endloop
  endfacet
  facet normal 0.599465 -0.800401 0
    outer loop
      vertex 70.9905 -78.4575 0
      vertex 70.9905 -78.4575 5
      vertex 69.8415 -79.318 5
    endloop
  endfacet
  facet normal 0.599465 -0.800401 0
    outer loop
      vertex 69.8415 -79.318 0
      vertex 70.9905 -78.4575 0
      vertex 69.8415 -79.318 5
    endloop
  endfacet
  facet normal 0.754634 -0.656146 0
    outer loop
      vertex 71.9588 -77.3438 0
      vertex 71.9588 -77.3438 5
      vertex 70.9905 -78.4575 5
    endloop
  endfacet
  facet normal 0.754634 -0.656146 0
    outer loop
      vertex 70.9905 -78.4575 0
      vertex 71.9588 -77.3438 0
      vertex 70.9905 -78.4575 5
    endloop
  endfacet
  facet normal 0.851026 -0.525124 0
    outer loop
      vertex 72.3612 -76.6916 0
      vertex 72.3612 -76.6916 5
      vertex 71.9588 -77.3438 5
    endloop
  endfacet
  facet normal 0.851026 -0.525124 0
    outer loop
      vertex 71.9588 -77.3438 0
      vertex 72.3612 -76.6916 0
      vertex 71.9588 -77.3438 5
    endloop
  endfacet
  facet normal 0.902946 -0.429754 0
    outer loop
      vertex 72.7019 -75.9759 0
      vertex 72.7019 -75.9759 5
      vertex 72.3612 -76.6916 5
    endloop
  endfacet
  facet normal 0.902946 -0.429754 0
    outer loop
      vertex 72.3612 -76.6916 0
      vertex 72.7019 -75.9759 0
      vertex 72.3612 -76.6916 5
    endloop
  endfacet
  facet normal 0.943794 -0.330533 0
    outer loop
      vertex 72.975 -75.1959 0
      vertex 72.975 -75.1959 5
      vertex 72.7019 -75.9759 5
    endloop
  endfacet
  facet normal 0.943794 -0.330533 0
    outer loop
      vertex 72.7019 -75.9759 0
      vertex 72.975 -75.1959 0
      vertex 72.7019 -75.9759 5
    endloop
  endfacet
  facet normal 0.972946 -0.231034 0
    outer loop
      vertex 73.1754 -74.352 0
      vertex 73.1754 -74.352 5
      vertex 72.975 -75.1959 5
    endloop
  endfacet
  facet normal 0.972946 -0.231034 0
    outer loop
      vertex 72.975 -75.1959 0
      vertex 73.1754 -74.352 0
      vertex 72.975 -75.1959 5
    endloop
  endfacet
  facet normal 0.991109 -0.133051 0
    outer loop
      vertex 73.2973 -73.4438 0
      vertex 73.2973 -73.4438 5
      vertex 73.1754 -74.352 5
    endloop
  endfacet
  facet normal 0.991109 -0.133051 0
    outer loop
      vertex 73.1754 -74.352 0
      vertex 73.2973 -73.4438 0
      vertex 73.1754 -74.352 5
    endloop
  endfacet
  facet normal 0.999245 -0.0388563 0
    outer loop
      vertex 73.3352 -72.4713 0
      vertex 73.3352 -72.4713 5
      vertex 73.2973 -73.4438 5
    endloop
  endfacet
  facet normal 0.999245 -0.0388563 0
    outer loop
      vertex 73.2973 -73.4438 0
      vertex 73.3352 -72.4713 0
      vertex 73.2973 -73.4438 5
    endloop
  endfacet
  facet normal 1 0 0
    outer loop
      vertex 73.3352 30.1921 0
      vertex 73.3352 30.1921 5
      vertex 73.3352 -72.4713 5
    endloop
  endfacet
  facet normal 1 0 0
    outer loop
      vertex 73.3352 -72.4713 0
      vertex 73.3352 30.1921 0
      vertex 73.3352 -72.4713 5
    endloop
  endfacet
  facet normal 0 -1 0
    outer loop
      vertex 76.1644 30.1921 0
      vertex 76.1644 30.1921 5
      vertex 73.3352 30.1921 5
    endloop
  endfacet
  facet normal -0 -1 -0
    outer loop
      vertex 73.3352 30.1921 0
      vertex 76.1644 30.1921 0
      vertex 73.3352 30.1921 5
    endloop
  endfacet
  facet normal -1 0 0
    outer loop
      vertex 76.1644 30.1921 5
      vertex 76.1644 30.1921 0
      vertex 76.1644 -6.9929 5
    endloop
  endfacet
  facet normal -1 0 0
    outer loop
      vertex 76.1644 -6.9929 5
      vertex 76.1644 30.1921 0
      vertex 76.1644 -6.9929 0
    endloop
  endfacet
  facet normal -0.99727 -0.0738346 0
    outer loop
      vertex 76.268 -8.39188 5
      vertex 76.1644 -6.9929 5
      vertex 76.268 -8.39188 0
    endloop
  endfacet
  facet normal -0.99727 -0.0738346 0
    outer loop
      vertex 76.268 -8.39188 0
      vertex 76.1644 -6.9929 5
      vertex 76.1644 -6.9929 0
    endloop
  endfacet
  facet normal -0.963073 -0.269239 0
    outer loop
      vertex 76.607 -9.6043 5
      vertex 76.268 -8.39188 5
      vertex 76.607 -9.6043 0
    endloop
  endfacet
  facet normal -0.963073 -0.269239 0
    outer loop
      vertex 76.607 -9.6043 0
      vertex 76.268 -8.39188 5
      vertex 76.268 -8.39188 0
    endloop
  endfacet
  facet normal -0.884633 -0.466288 0
    outer loop
      vertex 77.1477 -10.6302 5
      vertex 76.607 -9.6043 5
      vertex 77.1477 -10.6302 0
    endloop
  endfacet
  facet normal -0.884633 -0.466288 0
    outer loop
      vertex 77.1477 -10.6302 0
      vertex 76.607 -9.6043 5
      vertex 76.607 -9.6043 0
    endloop
  endfacet
  facet normal -0.763698 -0.645574 0
    outer loop
      vertex 77.8572 -11.4695 5
      vertex 77.1477 -10.6302 5
      vertex 77.8572 -11.4695 0
    endloop
  endfacet
  facet normal -0.763698 -0.645574 0
    outer loop
      vertex 77.8572 -11.4695 0
      vertex 77.1477 -10.6302 5
      vertex 77.1477 -10.6302 0
    endloop
  endfacet
  facet normal -0.611229 -0.791454 -0
    outer loop
      vertex 78.7025 -12.1223 0
      vertex 78.7025 -12.1223 5
      vertex 77.8572 -11.4695 5
    endloop
  endfacet
  facet normal -0.611229 -0.791454 -0
    outer loop
      vertex 77.8572 -11.4695 0
      vertex 78.7025 -12.1223 0
      vertex 77.8572 -11.4695 5
    endloop
  endfacet
  facet normal -0.441542 -0.897241 -0
    outer loop
      vertex 79.6504 -12.5888 0
      vertex 79.6504 -12.5888 5
      vertex 78.7025 -12.1223 5
    endloop
  endfacet
  facet normal -0.441542 -0.897241 -0
    outer loop
      vertex 78.7025 -12.1223 0
      vertex 79.6504 -12.5888 0
      vertex 78.7025 -12.1223 5
    endloop
  endfacet
  facet normal -0.265063 -0.964231 -0
    outer loop
      vertex 80.6679 -12.8685 0
      vertex 80.6679 -12.8685 5
      vertex 79.6504 -12.5888 5
    endloop
  endfacet
  facet normal -0.265063 -0.964231 -0
    outer loop
      vertex 79.6504 -12.5888 0
      vertex 80.6679 -12.8685 0
      vertex 79.6504 -12.5888 5
    endloop
  endfacet
  facet normal -0.0880339 -0.996117 -0
    outer loop
      vertex 81.7217 -12.9616 0
      vertex 81.7217 -12.9616 5
      vertex 80.6679 -12.8685 5
    endloop
  endfacet
  facet normal -0.0880339 -0.996117 -0
    outer loop
      vertex 80.6679 -12.8685 0
      vertex 81.7217 -12.9616 0
      vertex 80.6679 -12.8685 5
    endloop
  endfacet
  facet normal 0.0878006 -0.996138 0
    outer loop
      vertex 82.7783 -12.8685 0
      vertex 82.7783 -12.8685 5
      vertex 81.7217 -12.9616 5
    endloop
  endfacet
  facet normal 0.0878006 -0.996138 0
    outer loop
      vertex 81.7217 -12.9616 0
      vertex 82.7783 -12.8685 0
      vertex 81.7217 -12.9616 5
    endloop
  endfacet
  facet normal 0.262758 -0.964862 0
    outer loop
      vertex 83.8053 -12.5888 0
      vertex 83.8053 -12.5888 5
      vertex 82.7783 -12.8685 5
    endloop
  endfacet
  facet normal 0.262758 -0.964862 0
    outer loop
      vertex 82.7783 -12.8685 0
      vertex 83.8053 -12.5888 0
      vertex 82.7783 -12.8685 5
    endloop
  endfacet
  facet normal 0.435685 -0.900099 0
    outer loop
      vertex 84.7691 -12.1223 0
      vertex 84.7691 -12.1223 5
      vertex 83.8053 -12.5888 5
    endloop
  endfacet
  facet normal 0.435685 -0.900099 0
    outer loop
      vertex 83.8053 -12.5888 0
      vertex 84.7691 -12.1223 0
      vertex 83.8053 -12.5888 5
    endloop
  endfacet
  facet normal 0.601247 -0.799063 0
    outer loop
      vertex 85.6367 -11.4695 0
      vertex 85.6367 -11.4695 5
      vertex 84.7691 -12.1223 5
    endloop
  endfacet
  facet normal 0.601247 -0.799063 0
    outer loop
      vertex 84.7691 -12.1223 0
      vertex 85.6367 -11.4695 0
      vertex 84.7691 -12.1223 5
    endloop
  endfacet
  facet normal 0.750854 -0.660469 0
    outer loop
      vertex 86.375 -10.6302 0
      vertex 86.375 -10.6302 5
      vertex 85.6367 -11.4695 5
    endloop
  endfacet
  facet normal 0.750854 -0.660469 0
    outer loop
      vertex 85.6367 -11.4695 0
      vertex 86.375 -10.6302 0
      vertex 85.6367 -11.4695 5
    endloop
  endfacet
  facet normal 0.872158 -0.489224 0
    outer loop
      vertex 86.9504 -9.6043 0
      vertex 86.9504 -9.6043 5
      vertex 86.375 -10.6302 5
    endloop
  endfacet
  facet normal 0.872158 -0.489224 0
    outer loop
      vertex 86.375 -10.6302 0
      vertex 86.9504 -9.6043 0
      vertex 86.375 -10.6302 5
    endloop
  endfacet
  facet normal 0.954195 -0.299185 0
    outer loop
      vertex 87.3306 -8.39188 0
      vertex 87.3306 -8.39188 5
      vertex 86.9504 -9.6043 5
    endloop
  endfacet
  facet normal 0.954195 -0.299185 0
    outer loop
      vertex 86.9504 -9.6043 0
      vertex 87.3306 -8.39188 0
      vertex 86.9504 -9.6043 5
    endloop
  endfacet
  facet normal 0.994205 -0.107503 0
    outer loop
      vertex 87.4818 -6.9929 0
      vertex 87.4818 -6.9929 5
      vertex 87.3306 -8.39188 5
    endloop
  endfacet
  facet normal 0.994205 -0.107503 0
    outer loop
      vertex 87.3306 -8.39188 0
      vertex 87.4818 -6.9929 0
      vertex 87.3306 -8.39188 5
    endloop
  endfacet
  facet normal 1 0 0
    outer loop
      vertex 87.4818 33.4258 0
      vertex 87.4818 33.4258 5
      vertex 87.4818 -6.9929 5
    endloop
  endfacet
  facet normal 1 0 0
    outer loop
      vertex 87.4818 -6.9929 0
      vertex 87.4818 33.4258 0
      vertex 87.4818 -6.9929 5
    endloop
  endfacet
  facet normal 0.99784 0.0656864 0
    outer loop
      vertex 87.3754 35.0421 5
      vertex 87.4818 33.4258 5
      vertex 87.4818 33.4258 0
    endloop
  endfacet
  facet normal 0.99784 0.0656864 0
    outer loop
      vertex 87.3754 35.0421 0
      vertex 87.3754 35.0421 5
      vertex 87.4818 33.4258 0
    endloop
  endfacet
  facet normal 0.98757 0.157177 0
    outer loop
      vertex 87.1203 36.6451 5
      vertex 87.3754 35.0421 5
      vertex 87.3754 35.0421 0
    endloop
  endfacet
  facet normal 0.98757 0.157177 0
    outer loop
      vertex 87.1203 36.6451 0
      vertex 87.1203 36.6451 5
      vertex 87.3754 35.0421 0
    endloop
  endfacet
  facet normal 0.969383 0.245554 0
    outer loop
      vertex 86.7207 38.2228 5
      vertex 87.1203 36.6451 5
      vertex 87.1203 36.6451 0
    endloop
  endfacet
  facet normal 0.969383 0.245554 0
    outer loop
      vertex 86.7207 38.2228 0
      vertex 86.7207 38.2228 5
      vertex 87.1203 36.6451 0
    endloop
  endfacet
  facet normal 0.943764 0.33062 0
    outer loop
      vertex 86.1814 39.7623 5
      vertex 86.7207 38.2228 5
      vertex 86.7207 38.2228 0
    endloop
  endfacet
  facet normal 0.943764 0.33062 0
    outer loop
      vertex 86.1814 39.7623 0
      vertex 86.1814 39.7623 5
      vertex 86.7207 38.2228 0
    endloop
  endfacet
  facet normal 0.911057 0.41228 0
    outer loop
      vertex 85.5074 41.2516 5
      vertex 86.1814 39.7623 5
      vertex 86.1814 39.7623 0
    endloop
  endfacet
  facet normal 0.911057 0.41228 0
    outer loop
      vertex 85.5074 41.2516 0
      vertex 85.5074 41.2516 5
      vertex 86.1814 39.7623 0
    endloop
  endfacet
  facet normal 0.87106 0.491177 0
    outer loop
      vertex 84.7028 42.6785 5
      vertex 85.5074 41.2516 5
      vertex 85.5074 41.2516 0
    endloop
  endfacet
  facet normal 0.87106 0.491177 0
    outer loop
      vertex 84.7028 42.6785 0
      vertex 84.7028 42.6785 5
      vertex 85.5074 41.2516 0
    endloop
  endfacet
  facet normal 0.823786 0.566901 0
    outer loop
      vertex 83.7723 44.0306 5
      vertex 84.7028 42.6785 5
      vertex 84.7028 42.6785 0
    endloop
  endfacet
  facet normal 0.823786 0.566901 0
    outer loop
      vertex 83.7723 44.0306 0
      vertex 83.7723 44.0306 5
      vertex 84.7028 42.6785 0
    endloop
  endfacet
  facet normal 0.769135 0.639087 0
    outer loop
      vertex 82.721 45.2958 5
      vertex 83.7723 44.0306 5
      vertex 83.7723 44.0306 0
    endloop
  endfacet
  facet normal 0.769135 0.639087 0
    outer loop
      vertex 82.721 45.2958 0
      vertex 82.721 45.2958 5
      vertex 83.7723 44.0306 0
    endloop
  endfacet
  facet normal 0.706337 0.707876 -0
    outer loop
      vertex 82.721 45.2958 5
      vertex 82.721 45.2958 0
      vertex 81.5529 46.4614 5
    endloop
  endfacet
  facet normal 0.706337 0.707876 -0
    outer loop
      vertex 81.5529 46.4614 5
      vertex 82.721 45.2958 0
      vertex 81.5529 46.4614 0
    endloop
  endfacet
  facet normal 0.635719 0.77192 -0
    outer loop
      vertex 81.5529 46.4614 5
      vertex 81.5529 46.4614 0
      vertex 80.2733 47.5152 5
    endloop
  endfacet
  facet normal 0.635719 0.77192 -0
    outer loop
      vertex 80.2733 47.5152 5
      vertex 81.5529 46.4614 0
      vertex 80.2733 47.5152 0
    endloop
  endfacet
  facet normal 0.55696 0.830539 -0
    outer loop
      vertex 80.2733 47.5152 5
      vertex 80.2733 47.5152 0
      vertex 78.8862 48.4454 5
    endloop
  endfacet
  facet normal 0.55696 0.830539 -0
    outer loop
      vertex 78.8862 48.4454 5
      vertex 80.2733 47.5152 0
      vertex 78.8862 48.4454 0
    endloop
  endfacet
  facet normal 0.470276 0.88252 -0
    outer loop
      vertex 78.8862 48.4454 5
      vertex 78.8862 48.4454 0
      vertex 77.3969 49.239 5
    endloop
  endfacet
  facet normal 0.470276 0.88252 -0
    outer loop
      vertex 77.3969 49.239 5
      vertex 78.8862 48.4454 0
      vertex 77.3969 49.239 0
    endloop
  endfacet
  facet normal 0.376496 0.926418 -0
    outer loop
      vertex 77.3969 49.239 5
      vertex 77.3969 49.239 0
      vertex 75.8094 49.8842 5
    endloop
  endfacet
  facet normal 0.376496 0.926418 -0
    outer loop
      vertex 75.8094 49.8842 5
      vertex 77.3969 49.239 0
      vertex 75.8094 49.8842 0
    endloop
  endfacet
  facet normal 0.277043 0.960857 -0
    outer loop
      vertex 75.8094 49.8842 5
      vertex 75.8094 49.8842 0
      vertex 74.1288 50.3688 5
    endloop
  endfacet
  facet normal 0.277043 0.960857 -0
    outer loop
      vertex 74.1288 50.3688 5
      vertex 75.8094 49.8842 0
      vertex 74.1288 50.3688 0
    endloop
  endfacet
  facet normal 0.173257 0.984877 -0
    outer loop
      vertex 74.1288 50.3688 5
      vertex 74.1288 50.3688 0
      vertex 72.3592 50.6801 5
    endloop
  endfacet
  facet normal 0.173257 0.984877 -0
    outer loop
      vertex 72.3592 50.6801 5
      vertex 74.1288 50.3688 0
      vertex 72.3592 50.6801 0
    endloop
  endfacet
  facet normal 0.067608 0.997712 -0
    outer loop
      vertex 72.3592 50.6801 5
      vertex 72.3592 50.6801 0
      vertex 70.5059 50.8056 5
    endloop
  endfacet
  facet normal 0.067608 0.997712 -0
    outer loop
      vertex 70.5059 50.8056 5
      vertex 72.3592 50.6801 0
      vertex 70.5059 50.8056 0
    endloop
  endfacet
  facet normal 0 1 0
    outer loop
      vertex 70.5059 50.8056 5
      vertex 70.5059 50.8056 0
      vertex 43.0211 50.8056 5
    endloop
  endfacet
  facet normal 0 1 -0
    outer loop
      vertex 43.0211 50.8056 5
      vertex 70.5059 50.8056 0
      vertex 43.0211 50.8056 0
    endloop
  endfacet
  facet normal -0.0540532 0.998538 0
    outer loop
      vertex 43.0211 50.8056 5
      vertex 43.0211 50.8056 0
      vertex 41.1703 50.7055 5
    endloop
  endfacet
  facet normal -0.0540532 0.998538 0
    outer loop
      vertex 41.1703 50.7055 5
      vertex 43.0211 50.8056 0
      vertex 41.1703 50.7055 0
    endloop
  endfacet
  facet normal -0.163758 0.986501 0
    outer loop
      vertex 41.1703 50.7055 5
      vertex 41.1703 50.7055 0
      vertex 39.4089 50.4131 5
    endloop
  endfacet
  facet normal -0.163758 0.986501 0
    outer loop
      vertex 39.4089 50.4131 5
      vertex 41.1703 50.7055 0
      vertex 39.4089 50.4131 0
    endloop
  endfacet
  facet normal -0.271924 0.962319 0
    outer loop
      vertex 39.4089 50.4131 5
      vertex 39.4089 50.4131 0
      vertex 37.741 49.9418 5
    endloop
  endfacet
  facet normal -0.271924 0.962319 0
    outer loop
      vertex 37.741 49.9418 5
      vertex 39.4089 50.4131 0
      vertex 37.741 49.9418 0
    endloop
  endfacet
  facet normal -0.37598 0.926628 0
    outer loop
      vertex 37.741 49.9418 5
      vertex 37.741 49.9418 0
      vertex 36.1704 49.3045 5
    endloop
  endfacet
  facet normal -0.37598 0.926628 0
    outer loop
      vertex 36.1704 49.3045 5
      vertex 37.741 49.9418 0
      vertex 36.1704 49.3045 0
    endloop
  endfacet
  facet normal -0.473948 0.880553 0
    outer loop
      vertex 36.1704 49.3045 5
      vertex 36.1704 49.3045 0
      vertex 34.7018 48.514 5
    endloop
  endfacet
  facet normal -0.473948 0.880553 0
    outer loop
      vertex 34.7018 48.514 5
      vertex 36.1704 49.3045 0
      vertex 34.7018 48.514 0
    endloop
  endfacet
  facet normal -0.563979 0.825789 0
    outer loop
      vertex 34.7018 48.514 5
      vertex 34.7018 48.514 0
      vertex 33.3389 47.5832 5
    endloop
  endfacet
  facet normal -0.563979 0.825789 0
    outer loop
      vertex 33.3389 47.5832 5
      vertex 34.7018 48.514 0
      vertex 33.3389 47.5832 0
    endloop
  endfacet
  facet normal -0.645031 0.764156 0
    outer loop
      vertex 33.3389 47.5832 5
      vertex 33.3389 47.5832 0
      vertex 32.0861 46.5257 5
    endloop
  endfacet
  facet normal -0.645031 0.764156 0
    outer loop
      vertex 32.0861 46.5257 5
      vertex 33.3389 47.5832 0
      vertex 32.0861 46.5257 0
    endloop
  endfacet
  facet normal -0.717223 0.696844 0
    outer loop
      vertex 32.0861 46.5257 5
      vertex 32.0861 46.5257 0
      vertex 30.9474 45.3537 5
    endloop
  endfacet
  facet normal -0.717223 0.696844 0
    outer loop
      vertex 30.9474 45.3537 5
      vertex 32.0861 46.5257 0
      vertex 30.9474 45.3537 0
    endloop
  endfacet
  facet normal -0.780345 0.625349 0
    outer loop
      vertex 30.9474 45.3537 5
      vertex 30.9474 45.3537 0
      vertex 29.9271 44.0806 5
    endloop
  endfacet
  facet normal -0.780345 0.625349 0
    outer loop
      vertex 29.9271 44.0806 5
      vertex 30.9474 45.3537 0
      vertex 29.9271 44.0806 0
    endloop
  endfacet
  facet normal -0.834783 0.550579 0
    outer loop
      vertex 29.9271 44.0806 5
      vertex 29.9271 44.0806 0
      vertex 29.0294 42.7194 5
    endloop
  endfacet
  facet normal -0.834783 0.550579 0
    outer loop
      vertex 29.0294 42.7194 5
      vertex 29.9271 44.0806 0
      vertex 29.0294 42.7194 0
    endloop
  endfacet
  facet normal -0.881104 0.472923 0
    outer loop
      vertex 29.0294 42.7194 5
      vertex 29.0294 42.7194 0
      vertex 28.2583 41.2829 5
    endloop
  endfacet
  facet normal -0.881104 0.472923 0
    outer loop
      vertex 28.2583 41.2829 5
      vertex 29.0294 42.7194 0
      vertex 28.2583 41.2829 0
    endloop
  endfacet
  facet normal -0.919655 0.392728 0
    outer loop
      vertex 28.2583 41.2829 5
      vertex 28.2583 41.2829 0
      vertex 27.6183 39.784 5
    endloop
  endfacet
  facet normal -0.919655 0.392728 0
    outer loop
      vertex 27.6183 39.784 5
      vertex 28.2583 41.2829 0
      vertex 27.6183 39.784 0
    endloop
  endfacet
  facet normal -0.950658 0.310242 0
    outer loop
      vertex 27.6183 39.784 5
      vertex 27.6183 39.784 0
      vertex 27.1131 38.236 5
    endloop
  endfacet
  facet normal -0.950658 0.310242 0
    outer loop
      vertex 27.1131 38.236 5
      vertex 27.6183 39.784 0
      vertex 27.1131 38.236 0
    endloop
  endfacet
  facet normal -0.974336 0.2251 0
    outer loop
      vertex 27.1131 38.236 5
      vertex 27.1131 38.236 0
      vertex 26.747 36.6516 5
    endloop
  endfacet
  facet normal -0.974336 0.2251 0
    outer loop
      vertex 26.747 36.6516 5
      vertex 27.1131 38.236 0
      vertex 26.747 36.6516 0
    endloop
  endfacet
  facet normal -0.990546 0.137185 0
    outer loop
      vertex 26.747 36.6516 5
      vertex 26.747 36.6516 0
      vertex 26.5244 35.0438 5
    endloop
  endfacet
  facet normal -0.990546 0.137185 0
    outer loop
      vertex 26.5244 35.0438 5
      vertex 26.747 36.6516 0
      vertex 26.5244 35.0438 0
    endloop
  endfacet
  facet normal -0.998731 0.0503668 0
    outer loop
      vertex 43.8971 68.9226 5
      vertex 43.8971 68.9226 0
      vertex 43.8294 67.5795 5
    endloop
  endfacet
  facet normal -0.998731 0.0503668 0
    outer loop
      vertex 43.8294 67.5795 5
      vertex 43.8971 68.9226 0
      vertex 43.8294 67.5795 0
    endloop
  endfacet
  facet normal -0.998731 -0.0503668 0
    outer loop
      vertex 43.8971 66.2364 5
      vertex 43.8294 67.5795 5
      vertex 43.8971 66.2364 0
    endloop
  endfacet
  facet normal -0.998731 -0.0503668 0
    outer loop
      vertex 43.8971 66.2364 0
      vertex 43.8294 67.5795 5
      vertex 43.8294 67.5795 0
    endloop
  endfacet
  facet normal -0 0 -1
    outer loop
      vertex 44.0964 70.2268 0
      vertex 44.4201 71.4858 0
      vertex 43.8971 68.9226 0
    endloop
  endfacet
  facet normal 0 0 -1
    outer loop
      vertex 43.8971 68.9226 0
      vertex 44.4201 71.4858 0
      vertex 44.8618 72.6928 0
    endloop
  endfacet
  facet normal 0 0 -1
    outer loop
      vertex 43.8971 68.9226 0
      vertex 44.8618 72.6928 0
      vertex 45.4149 73.8409 0
    endloop
  endfacet
  facet normal 0 0 -1
    outer loop
      vertex 43.8971 68.9226 0
      vertex 45.4149 73.8409 0
      vertex 46.0728 74.9241 0
    endloop
  endfacet
  facet normal 0 0 -1
    outer loop
      vertex 43.8971 68.9226 0
      vertex 46.0728 74.9241 0
      vertex 46.8291 75.9353 0
    endloop
  endfacet
  facet normal 0 0 -1
    outer loop
      vertex 43.8971 68.9226 0
      vertex 46.8291 75.9353 0
      vertex 47.6769 76.868 0
    endloop
  endfacet
  facet normal 0 0 -1
    outer loop
      vertex 43.8971 68.9226 0
      vertex 47.6769 76.868 0
      vertex 48.6097 77.7161 0
    endloop
  endfacet
  facet normal 0 0 -1
    outer loop
      vertex 43.8971 68.9226 0
      vertex 48.6097 77.7161 0
      vertex 49.6209 78.4722 0
    endloop
  endfacet
  facet normal 0 0 -1
    outer loop
      vertex 43.8971 68.9226 0
      vertex 49.6209 78.4722 0
      vertex 50.704 79.13 0
    endloop
  endfacet
  facet normal 0 0 -1
    outer loop
      vertex 43.8971 68.9226 0
      vertex 50.704 79.13 0
      vertex 51.8524 79.6832 0
    endloop
  endfacet
  facet normal 0 0 -1
    outer loop
      vertex 43.8971 68.9226 0
      vertex 51.8524 79.6832 0
      vertex 53.0592 80.1251 0
    endloop
  endfacet
  facet normal 0 0 -1
    outer loop
      vertex 43.8971 68.9226 0
      vertex 53.0592 80.1251 0
      vertex 54.3182 80.4489 0
    endloop
  endfacet
  facet normal 0 0 -1
    outer loop
      vertex 43.8971 68.9226 0
      vertex 54.3182 80.4489 0
      vertex 55.6223 80.6478 0
    endloop
  endfacet
  facet normal 0 0 -1
    outer loop
      vertex 43.8971 68.9226 0
      vertex 55.6223 80.6478 0
      vertex 56.9654 80.7156 0
    endloop
  endfacet
  facet normal 0 0 -1
    outer loop
      vertex 43.8971 68.9226 0
      vertex 56.9654 80.7156 0
      vertex 58.3085 80.6478 0
    endloop
  endfacet
  facet normal 0 0 -1
    outer loop
      vertex 43.8971 68.9226 0
      vertex 58.3085 80.6478 0
      vertex 59.613 80.4489 0
    endloop
  endfacet
  facet normal 0 0 -1
    outer loop
      vertex 43.8971 68.9226 0
      vertex 59.613 80.4489 0
      vertex 60.8717 80.1251 0
    endloop
  endfacet
  facet normal 0 0 -1
    outer loop
      vertex 43.8971 68.9226 0
      vertex 60.8717 80.1251 0
      vertex 62.0787 79.6832 0
    endloop
  endfacet
  facet normal 0 0 -1
    outer loop
      vertex 43.8971 68.9226 0
      vertex 62.0787 79.6832 0
      vertex 63.2268 79.13 0
    endloop
  endfacet
  facet normal 0 0 -1
    outer loop
      vertex 43.8971 68.9226 0
      vertex 63.2268 79.13 0
      vertex 64.31 78.4722 0
    endloop
  endfacet
  facet normal 0 0 -1
    outer loop
      vertex 43.8971 68.9226 0
      vertex 64.31 78.4722 0
      vertex 65.3212 77.7161 0
    endloop
  endfacet
  facet normal 0 0 -1
    outer loop
      vertex 43.8971 68.9226 0
      vertex 65.3212 77.7161 0
      vertex 66.2542 76.868 0
    endloop
  endfacet
  facet normal 0 0 -1
    outer loop
      vertex 43.8971 68.9226 0
      vertex 66.2542 76.868 0
      vertex 67.102 75.9353 0
    endloop
  endfacet
  facet normal 0 0 -1
    outer loop
      vertex 43.8971 68.9226 0
      vertex 67.102 75.9353 0
      vertex 67.8581 74.9241 0
    endloop
  endfacet
  facet normal 0 0 -1
    outer loop
      vertex 43.8971 68.9226 0
      vertex 67.8581 74.9241 0
      vertex 68.5162 73.8409 0
    endloop
  endfacet
  facet normal 0 0 -1
    outer loop
      vertex 43.8971 68.9226 0
      vertex 68.5162 73.8409 0
      vertex 69.0694 72.6928 0
    endloop
  endfacet
  facet normal 0 0 -1
    outer loop
      vertex 43.8971 68.9226 0
      vertex 69.0694 72.6928 0
      vertex 69.5111 71.4858 0
    endloop
  endfacet
  facet normal 0 0 -1
    outer loop
      vertex 43.8971 68.9226 0
      vertex 69.5111 71.4858 0
      vertex 69.8348 70.2268 0
    endloop
  endfacet
  facet normal -0 0 -1
    outer loop
      vertex 43.8971 68.9226 0
      vertex 69.8348 70.2268 0
      vertex 70.0337 68.9226 0
    endloop
  endfacet
  facet normal 0 0 -1
    outer loop
      vertex 43.8971 68.9226 0
      vertex 70.0337 68.9226 0
      vertex 70.1015 67.5795 0
    endloop
  endfacet
  facet normal 0 0 -1
    outer loop
      vertex 43.8971 68.9226 0
      vertex 70.1015 67.5795 0
      vertex 70.0337 66.2364 0
    endloop
  endfacet
  facet normal 0 0 -1
    outer loop
      vertex 43.8971 68.9226 0
      vertex 70.0337 66.2364 0
      vertex 69.8348 64.9323 0
    endloop
  endfacet
  facet normal 0 0 -1
    outer loop
      vertex 43.8971 68.9226 0
      vertex 69.8348 64.9323 0
      vertex 69.5111 63.6733 0
    endloop
  endfacet
  facet normal 0 0 -1
    outer loop
      vertex 43.8971 68.9226 0
      vertex 69.5111 63.6733 0
      vertex 69.0694 62.4665 0
    endloop
  endfacet
  facet normal 0 0 -1
    outer loop
      vertex 43.8971 68.9226 0
      vertex 69.0694 62.4665 0
      vertex 68.5162 61.3181 0
    endloop
  endfacet
  facet normal 0 0 -1
    outer loop
      vertex 43.8971 68.9226 0
      vertex 68.5162 61.3181 0
      vertex 67.8581 60.235 0
    endloop
  endfacet
  facet normal 0 0 -1
    outer loop
      vertex 43.8971 68.9226 0
      vertex 67.8581 60.235 0
      vertex 67.102 59.2238 0
    endloop
  endfacet
  facet normal 0 0 -1
    outer loop
      vertex 43.8971 68.9226 0
      vertex 67.102 59.2238 0
      vertex 66.2542 58.291 0
    endloop
  endfacet
  facet normal 0 0 -1
    outer loop
      vertex 43.8971 68.9226 0
      vertex 66.2542 58.291 0
      vertex 65.3212 57.4429 0
    endloop
  endfacet
  facet normal 0 0 -1
    outer loop
      vertex 43.8971 68.9226 0
      vertex 65.3212 57.4429 0
      vertex 64.31 56.6869 0
    endloop
  endfacet
  facet normal 0 0 -1
    outer loop
      vertex 43.8971 68.9226 0
      vertex 64.31 56.6869 0
      vertex 63.2268 56.029 0
    endloop
  endfacet
  facet normal 0 0 -1
    outer loop
      vertex 43.8971 68.9226 0
      vertex 63.2268 56.029 0
      vertex 62.0787 55.4759 0
    endloop
  endfacet
  facet normal 0 0 -1
    outer loop
      vertex 43.8971 68.9226 0
      vertex 62.0787 55.4759 0
      vertex 60.8717 55.0339 0
    endloop
  endfacet
  facet normal 0 0 -1
    outer loop
      vertex 43.8971 68.9226 0
      vertex 60.8717 55.0339 0
      vertex 59.613 54.7102 0
    endloop
  endfacet
  facet normal 0 0 -1
    outer loop
      vertex 43.8971 68.9226 0
      vertex 59.613 54.7102 0
      vertex 58.3085 54.5112 0
    endloop
  endfacet
  facet normal 0 0 -1
    outer loop
      vertex 43.8971 68.9226 0
      vertex 58.3085 54.5112 0
      vertex 56.9654 54.4435 0
    endloop
  endfacet
  facet normal 0 0 -1
    outer loop
      vertex 43.8971 68.9226 0
      vertex 56.9654 54.4435 0
      vertex 55.6223 54.5112 0
    endloop
  endfacet
  facet normal 0 0 -1
    outer loop
      vertex 43.8971 68.9226 0
      vertex 55.6223 54.5112 0
      vertex 54.3182 54.7102 0
    endloop
  endfacet
  facet normal 0 0 -1
    outer loop
      vertex 43.8971 68.9226 0
      vertex 54.3182 54.7102 0
      vertex 53.0592 55.0339 0
    endloop
  endfacet
  facet normal 0 0 -1
    outer loop
      vertex 43.8971 68.9226 0
      vertex 53.0592 55.0339 0
      vertex 51.8524 55.4759 0
    endloop
  endfacet
  facet normal 0 0 -1
    outer loop
      vertex 43.8971 68.9226 0
      vertex 51.8524 55.4759 0
      vertex 50.704 56.029 0
    endloop
  endfacet
  facet normal 0 0 -1
    outer loop
      vertex 43.8971 68.9226 0
      vertex 50.704 56.029 0
      vertex 49.6209 56.6869 0
    endloop
  endfacet
  facet normal 0 0 -1
    outer loop
      vertex 43.8971 68.9226 0
      vertex 49.6209 56.6869 0
      vertex 48.6097 57.4429 0
    endloop
  endfacet
  facet normal 0 0 -1
    outer loop
      vertex 43.8971 68.9226 0
      vertex 48.6097 57.4429 0
      vertex 47.6769 58.291 0
    endloop
  endfacet
  facet normal 0 0 -1
    outer loop
      vertex 43.8971 68.9226 0
      vertex 47.6769 58.291 0
      vertex 46.8291 59.2238 0
    endloop
  endfacet
  facet normal 0 0 -1
    outer loop
      vertex 43.8971 68.9226 0
      vertex 46.8291 59.2238 0
      vertex 46.0728 60.235 0
    endloop
  endfacet
  facet normal 0 0 -1
    outer loop
      vertex 43.8971 68.9226 0
      vertex 46.0728 60.235 0
      vertex 45.4149 61.3181 0
    endloop
  endfacet
  facet normal 0 0 -1
    outer loop
      vertex 43.8971 68.9226 0
      vertex 45.4149 61.3181 0
      vertex 44.8618 62.4665 0
    endloop
  endfacet
  facet normal 0 0 -1
    outer loop
      vertex 43.8971 68.9226 0
      vertex 44.8618 62.4665 0
      vertex 44.4201 63.6733 0
    endloop
  endfacet
  facet normal 0 0 -1
    outer loop
      vertex 43.8971 68.9226 0
      vertex 44.4201 63.6733 0
      vertex 44.0964 64.9323 0
    endloop
  endfacet
  facet normal 0 0 -1
    outer loop
      vertex 43.8971 68.9226 0
      vertex 44.0964 64.9323 0
      vertex 43.8971 66.2364 0
    endloop
  endfacet
  facet normal 0 0 -1
    outer loop
      vertex 43.8971 68.9226 0
      vertex 43.8971 66.2364 0
      vertex 43.8294 67.5795 0
    endloop
  endfacet
  facet normal 0 0 1
    outer loop
      vertex 43.8971 66.2364 5
      vertex 44.0964 64.9323 5
      vertex 44.4201 63.6733 5
    endloop
  endfacet
  facet normal 0 0 1
    outer loop
      vertex 45.4149 61.3181 5
      vertex 43.8971 66.2364 5
      vertex 44.8618 62.4665 5
    endloop
  endfacet
  facet normal 0 0 1
    outer loop
      vertex 44.8618 62.4665 5
      vertex 43.8971 66.2364 5
      vertex 44.4201 63.6733 5
    endloop
  endfacet
  facet normal 0 0 1
    outer loop
      vertex 46.0728 60.235 5
      vertex 43.8971 66.2364 5
      vertex 45.4149 61.3181 5
    endloop
  endfacet
  facet normal 0 0 1
    outer loop
      vertex 46.8291 59.2238 5
      vertex 43.8971 66.2364 5
      vertex 46.0728 60.235 5
    endloop
  endfacet
  facet normal 0 0 1
    outer loop
      vertex 47.6769 58.291 5
      vertex 43.8971 66.2364 5
      vertex 46.8291 59.2238 5
    endloop
  endfacet
  facet normal 0 0 1
    outer loop
      vertex 48.6097 57.4429 5
      vertex 43.8971 66.2364 5
      vertex 47.6769 58.291 5
    endloop
  endfacet
  facet normal 0 0 1
    outer loop
      vertex 49.6209 56.6869 5
      vertex 43.8971 66.2364 5
      vertex 48.6097 57.4429 5
    endloop
  endfacet
  facet normal 0 0 1
    outer loop
      vertex 50.704 56.029 5
      vertex 43.8971 66.2364 5
      vertex 49.6209 56.6869 5
    endloop
  endfacet
  facet normal 0 0 1
    outer loop
      vertex 51.8524 55.4759 5
      vertex 43.8971 66.2364 5
      vertex 50.704 56.029 5
    endloop
  endfacet
  facet normal 0 0 1
    outer loop
      vertex 53.0592 55.0339 5
      vertex 43.8971 66.2364 5
      vertex 51.8524 55.4759 5
    endloop
  endfacet
  facet normal 0 0 1
    outer loop
      vertex 54.3182 54.7102 5
      vertex 43.8971 66.2364 5
      vertex 53.0592 55.0339 5
    endloop
  endfacet
  facet normal 0 0 1
    outer loop
      vertex 55.6223 54.5112 5
      vertex 43.8971 66.2364 5
      vertex 54.3182 54.7102 5
    endloop
  endfacet
  facet normal 0 0 1
    outer loop
      vertex 56.9654 54.4435 5
      vertex 43.8971 66.2364 5
      vertex 55.6223 54.5112 5
    endloop
  endfacet
  facet normal -0 0 1
    outer loop
      vertex 58.3085 54.5112 5
      vertex 43.8971 66.2364 5
      vertex 56.9654 54.4435 5
    endloop
  endfacet
  facet normal -0 0 1
    outer loop
      vertex 59.613 54.7102 5
      vertex 43.8971 66.2364 5
      vertex 58.3085 54.5112 5
    endloop
  endfacet
  facet normal -0 0 1
    outer loop
      vertex 60.8717 55.0339 5
      vertex 43.8971 66.2364 5
      vertex 59.613 54.7102 5
    endloop
  endfacet
  facet normal -0 0 1
    outer loop
      vertex 62.0787 55.4759 5
      vertex 43.8971 66.2364 5
      vertex 60.8717 55.0339 5
    endloop
  endfacet
  facet normal -0 0 1
    outer loop
      vertex 63.2268 56.029 5
      vertex 43.8971 66.2364 5
      vertex 62.0787 55.4759 5
    endloop
  endfacet
  facet normal -0 0 1
    outer loop
      vertex 64.31 56.6869 5
      vertex 43.8971 66.2364 5
      vertex 63.2268 56.029 5
    endloop
  endfacet
  facet normal -0 0 1
    outer loop
      vertex 65.3212 57.4429 5
      vertex 43.8971 66.2364 5
      vertex 64.31 56.6869 5
    endloop
  endfacet
  facet normal -0 0 1
    outer loop
      vertex 66.2542 58.291 5
      vertex 43.8971 66.2364 5
      vertex 65.3212 57.4429 5
    endloop
  endfacet
  facet normal -0 0 1
    outer loop
      vertex 67.102 59.2238 5
      vertex 43.8971 66.2364 5
      vertex 66.2542 58.291 5
    endloop
  endfacet
  facet normal -0 0 1
    outer loop
      vertex 67.8581 60.235 5
      vertex 43.8971 66.2364 5
      vertex 67.102 59.2238 5
    endloop
  endfacet
  facet normal -0 0 1
    outer loop
      vertex 68.5162 61.3181 5
      vertex 43.8971 66.2364 5
      vertex 67.8581 60.235 5
    endloop
  endfacet
  facet normal -0 0 1
    outer loop
      vertex 69.0694 62.4665 5
      vertex 43.8971 66.2364 5
      vertex 68.5162 61.3181 5
    endloop
  endfacet
  facet normal -0 0 1
    outer loop
      vertex 69.5111 63.6733 5
      vertex 43.8971 66.2364 5
      vertex 69.0694 62.4665 5
    endloop
  endfacet
  facet normal -0 0 1
    outer loop
      vertex 69.8348 64.9323 5
      vertex 43.8971 66.2364 5
      vertex 69.5111 63.6733 5
    endloop
  endfacet
  facet normal 0 0 1
    outer loop
      vertex 70.0337 66.2364 5
      vertex 43.8971 66.2364 5
      vertex 69.8348 64.9323 5
    endloop
  endfacet
  facet normal 0 0 1
    outer loop
      vertex 70.1015 67.5795 5
      vertex 43.8971 66.2364 5
      vertex 70.0337 66.2364 5
    endloop
  endfacet
  facet normal 0 -0 1
    outer loop
      vertex 70.0337 68.9226 5
      vertex 43.8971 66.2364 5
      vertex 70.1015 67.5795 5
    endloop
  endfacet
  facet normal 0 -0 1
    outer loop
      vertex 69.8348 70.2268 5
      vertex 43.8971 66.2364 5
      vertex 70.0337 68.9226 5
    endloop
  endfacet
  facet normal 0 -0 1
    outer loop
      vertex 69.5111 71.4858 5
      vertex 43.8971 66.2364 5
      vertex 69.8348 70.2268 5
    endloop
  endfacet
  facet normal 0 -0 1
    outer loop
      vertex 69.0694 72.6928 5
      vertex 43.8971 66.2364 5
      vertex 69.5111 71.4858 5
    endloop
  endfacet
  facet normal 0 -0 1
    outer loop
      vertex 68.5162 73.8409 5
      vertex 43.8971 66.2364 5
      vertex 69.0694 72.6928 5
    endloop
  endfacet
  facet normal 0 -0 1
    outer loop
      vertex 67.8581 74.9241 5
      vertex 43.8971 66.2364 5
      vertex 68.5162 73.8409 5
    endloop
  endfacet
  facet normal 0 -0 1
    outer loop
      vertex 67.102 75.9353 5
      vertex 43.8971 66.2364 5
      vertex 67.8581 74.9241 5
    endloop
  endfacet
  facet normal 0 -0 1
    outer loop
      vertex 66.2542 76.868 5
      vertex 43.8971 66.2364 5
      vertex 67.102 75.9353 5
    endloop
  endfacet
  facet normal 0 -0 1
    outer loop
      vertex 65.3212 77.7161 5
      vertex 43.8971 66.2364 5
      vertex 66.2542 76.868 5
    endloop
  endfacet
  facet normal 0 -0 1
    outer loop
      vertex 64.31 78.4722 5
      vertex 43.8971 66.2364 5
      vertex 65.3212 77.7161 5
    endloop
  endfacet
  facet normal 0 -0 1
    outer loop
      vertex 63.2268 79.13 5
      vertex 43.8971 66.2364 5
      vertex 64.31 78.4722 5
    endloop
  endfacet
  facet normal 0 -0 1
    outer loop
      vertex 62.0787 79.6832 5
      vertex 43.8971 66.2364 5
      vertex 63.2268 79.13 5
    endloop
  endfacet
  facet normal 0 -0 1
    outer loop
      vertex 60.8717 80.1251 5
      vertex 43.8971 66.2364 5
      vertex 62.0787 79.6832 5
    endloop
  endfacet
  facet normal 0 -0 1
    outer loop
      vertex 59.613 80.4489 5
      vertex 43.8971 66.2364 5
      vertex 60.8717 80.1251 5
    endloop
  endfacet
  facet normal 0 -0 1
    outer loop
      vertex 58.3085 80.6478 5
      vertex 43.8971 66.2364 5
      vertex 59.613 80.4489 5
    endloop
  endfacet
  facet normal 0 -0 1
    outer loop
      vertex 56.9654 80.7156 5
      vertex 43.8971 66.2364 5
      vertex 58.3085 80.6478 5
    endloop
  endfacet
  facet normal 0 -0 1
    outer loop
      vertex 55.6223 80.6478 5
      vertex 43.8971 66.2364 5
      vertex 56.9654 80.7156 5
    endloop
  endfacet
  facet normal 0 -0 1
    outer loop
      vertex 54.3182 80.4489 5
      vertex 43.8971 66.2364 5
      vertex 55.6223 80.6478 5
    endloop
  endfacet
  facet normal 0 -0 1
    outer loop
      vertex 53.0592 80.1251 5
      vertex 43.8971 66.2364 5
      vertex 54.3182 80.4489 5
    endloop
  endfacet
  facet normal 0 -0 1
    outer loop
      vertex 51.8524 79.6832 5
      vertex 43.8971 66.2364 5
      vertex 53.0592 80.1251 5
    endloop
  endfacet
  facet normal 0 -0 1
    outer loop
      vertex 50.704 79.13 5
      vertex 43.8971 66.2364 5
      vertex 51.8524 79.6832 5
    endloop
  endfacet
  facet normal 0 -0 1
    outer loop
      vertex 49.6209 78.4722 5
      vertex 43.8971 66.2364 5
      vertex 50.704 79.13 5
    endloop
  endfacet
  facet normal 0 -0 1
    outer loop
      vertex 48.6097 77.7161 5
      vertex 43.8971 66.2364 5
      vertex 49.6209 78.4722 5
    endloop
  endfacet
  facet normal 0 -0 1
    outer loop
      vertex 47.6769 76.868 5
      vertex 43.8971 66.2364 5
      vertex 48.6097 77.7161 5
    endloop
  endfacet
  facet normal 0 -0 1
    outer loop
      vertex 46.8291 75.9353 5
      vertex 43.8971 66.2364 5
      vertex 47.6769 76.868 5
    endloop
  endfacet
  facet normal 0 -0 1
    outer loop
      vertex 46.0728 74.9241 5
      vertex 43.8971 66.2364 5
      vertex 46.8291 75.9353 5
    endloop
  endfacet
  facet normal 0 -0 1
    outer loop
      vertex 45.4149 73.8409 5
      vertex 43.8971 66.2364 5
      vertex 46.0728 74.9241 5
    endloop
  endfacet
  facet normal 0 -0 1
    outer loop
      vertex 44.8618 72.6928 5
      vertex 43.8971 66.2364 5
      vertex 45.4149 73.8409 5
    endloop
  endfacet
  facet normal 0 -0 1
    outer loop
      vertex 44.4201 71.4858 5
      vertex 43.8971 66.2364 5
      vertex 44.8618 72.6928 5
    endloop
  endfacet
  facet normal 0 -0 1
    outer loop
      vertex 44.0964 70.2268 5
      vertex 43.8971 66.2364 5
      vertex 44.4201 71.4858 5
    endloop
  endfacet
  facet normal 0 -0 1
    outer loop
      vertex 43.8971 68.9226 5
      vertex 43.8971 66.2364 5
      vertex 44.0964 70.2268 5
    endloop
  endfacet
  facet normal 0 0 1
    outer loop
      vertex 43.8294 67.5795 5
      vertex 43.8971 66.2364 5
      vertex 43.8971 68.9226 5
    endloop
  endfacet
  facet normal -0.988529 0.151028 0
    outer loop
      vertex 44.0964 70.2268 5
      vertex 44.0964 70.2268 0
      vertex 43.8971 68.9226 5
    endloop
  endfacet
  facet normal -0.988529 0.151028 0
    outer loop
      vertex 43.8971 68.9226 5
      vertex 44.0964 70.2268 0
      vertex 43.8971 68.9226 0
    endloop
  endfacet
  facet normal -0.988529 -0.151028 0
    outer loop
      vertex 44.0964 64.9323 5
      vertex 43.8971 66.2364 5
      vertex 44.0964 64.9323 0
    endloop
  endfacet
  facet normal -0.988529 -0.151028 0
    outer loop
      vertex 44.0964 64.9323 0
      vertex 43.8971 66.2364 5
      vertex 43.8971 66.2364 0
    endloop
  endfacet
  facet normal -0.968499 -0.249018 0
    outer loop
      vertex 44.4201 63.6733 5
      vertex 44.0964 64.9323 5
      vertex 44.4201 63.6733 0
    endloop
  endfacet
  facet normal -0.968499 -0.249018 0
    outer loop
      vertex 44.4201 63.6733 0
      vertex 44.0964 64.9323 5
      vertex 44.0964 64.9323 0
    endloop
  endfacet
  facet normal -0.93908 -0.3437 0
    outer loop
      vertex 44.8618 62.4665 5
      vertex 44.4201 63.6733 5
      vertex 44.8618 62.4665 0
    endloop
  endfacet
  facet normal -0.93908 -0.3437 0
    outer loop
      vertex 44.8618 62.4665 0
      vertex 44.4201 63.6733 5
      vertex 44.4201 63.6733 0
    endloop
  endfacet
  facet normal -0.900928 -0.433969 0
    outer loop
      vertex 45.4149 61.3181 5
      vertex 44.8618 62.4665 5
      vertex 45.4149 61.3181 0
    endloop
  endfacet
  facet normal -0.900928 -0.433969 0
    outer loop
      vertex 45.4149 61.3181 0
      vertex 44.8618 62.4665 5
      vertex 44.8618 62.4665 0
    endloop
  endfacet
  facet normal -0.85471 -0.519106 0
    outer loop
      vertex 46.0728 60.235 5
      vertex 45.4149 61.3181 5
      vertex 46.0728 60.235 0
    endloop
  endfacet
  facet normal -0.85471 -0.519106 0
    outer loop
      vertex 46.0728 60.235 0
      vertex 45.4149 61.3181 5
      vertex 45.4149 61.3181 0
    endloop
  endfacet
  facet normal -0.800777 -0.598962 0
    outer loop
      vertex 46.8291 59.2238 5
      vertex 46.0728 60.235 5
      vertex 46.8291 59.2238 0
    endloop
  endfacet
  facet normal -0.800777 -0.598962 0
    outer loop
      vertex 46.8291 59.2238 0
      vertex 46.0728 60.235 5
      vertex 46.0728 60.235 0
    endloop
  endfacet
  facet normal -0.740001 -0.672606 0
    outer loop
      vertex 47.6769 58.291 5
      vertex 46.8291 59.2238 5
      vertex 47.6769 58.291 0
    endloop
  endfacet
  facet normal -0.740001 -0.672606 0
    outer loop
      vertex 47.6769 58.291 0
      vertex 46.8291 59.2238 5
      vertex 46.8291 59.2238 0
    endloop
  endfacet
  facet normal -0.672729 -0.739889 -0
    outer loop
      vertex 48.6097 57.4429 0
      vertex 48.6097 57.4429 5
      vertex 47.6769 58.291 5
    endloop
  endfacet
  facet normal -0.672729 -0.739889 -0
    outer loop
      vertex 47.6769 58.291 0
      vertex 48.6097 57.4429 0
      vertex 47.6769 58.291 5
    endloop
  endfacet
  facet normal -0.598819 -0.800884 -0
    outer loop
      vertex 49.6209 56.6869 0
      vertex 49.6209 56.6869 5
      vertex 48.6097 57.4429 5
    endloop
  endfacet
  facet normal -0.598819 -0.800884 -0
    outer loop
      vertex 48.6097 57.4429 0
      vertex 49.6209 56.6869 0
      vertex 48.6097 57.4429 5
    endloop
  endfacet
  facet normal -0.519106 -0.85471 -0
    outer loop
      vertex 50.704 56.029 0
      vertex 50.704 56.029 5
      vertex 49.6209 56.6869 5
    endloop
  endfacet
  facet normal -0.519106 -0.85471 -0
    outer loop
      vertex 49.6209 56.6869 0
      vertex 50.704 56.029 0
      vertex 49.6209 56.6869 5
    endloop
  endfacet
  facet normal -0.433969 -0.900928 -0
    outer loop
      vertex 51.8524 55.4759 0
      vertex 51.8524 55.4759 5
      vertex 50.704 56.029 5
    endloop
  endfacet
  facet normal -0.433969 -0.900928 -0
    outer loop
      vertex 50.704 56.029 0
      vertex 51.8524 55.4759 0
      vertex 50.704 56.029 5
    endloop
  endfacet
  facet normal -0.343893 -0.939009 -0
    outer loop
      vertex 53.0592 55.0339 0
      vertex 53.0592 55.0339 5
      vertex 51.8524 55.4759 5
    endloop
  endfacet
  facet normal -0.343893 -0.939009 -0
    outer loop
      vertex 51.8524 55.4759 0
      vertex 53.0592 55.0339 0
      vertex 51.8524 55.4759 5
    endloop
  endfacet
  facet normal -0.249018 -0.968499 -0
    outer loop
      vertex 54.3182 54.7102 0
      vertex 54.3182 54.7102 5
      vertex 53.0592 55.0339 5
    endloop
  endfacet
  facet normal -0.249018 -0.968499 -0
    outer loop
      vertex 53.0592 55.0339 0
      vertex 54.3182 54.7102 0
      vertex 53.0592 55.0339 5
    endloop
  endfacet
  facet normal -0.150819 -0.988561 -0
    outer loop
      vertex 55.6223 54.5112 0
      vertex 55.6223 54.5112 5
      vertex 54.3182 54.7102 5
    endloop
  endfacet
  facet normal -0.150819 -0.988561 -0
    outer loop
      vertex 54.3182 54.7102 0
      vertex 55.6223 54.5112 0
      vertex 54.3182 54.7102 5
    endloop
  endfacet
  facet normal -0.0503668 -0.998731 -0
    outer loop
      vertex 56.9654 54.4435 0
      vertex 56.9654 54.4435 5
      vertex 55.6223 54.5112 5
    endloop
  endfacet
  facet normal -0.0503668 -0.998731 -0
    outer loop
      vertex 55.6223 54.5112 0
      vertex 56.9654 54.4435 0
      vertex 55.6223 54.5112 5
    endloop
  endfacet
  facet normal 0.0503668 -0.998731 0
    outer loop
      vertex 58.3085 54.5112 0
      vertex 58.3085 54.5112 5
      vertex 56.9654 54.4435 5
    endloop
  endfacet
  facet normal 0.0503668 -0.998731 0
    outer loop
      vertex 56.9654 54.4435 0
      vertex 58.3085 54.5112 0
      vertex 56.9654 54.4435 5
    endloop
  endfacet
  facet normal 0.150787 -0.988566 0
    outer loop
      vertex 59.613 54.7102 0
      vertex 59.613 54.7102 5
      vertex 58.3085 54.5112 5
    endloop
  endfacet
  facet normal 0.150787 -0.988566 0
    outer loop
      vertex 58.3085 54.5112 0
      vertex 59.613 54.7102 0
      vertex 58.3085 54.5112 5
    endloop
  endfacet
  facet normal 0.24907 -0.968485 0
    outer loop
      vertex 60.8717 55.0339 0
      vertex 60.8717 55.0339 5
      vertex 59.613 54.7102 5
    endloop
  endfacet
  facet normal 0.24907 -0.968485 0
    outer loop
      vertex 59.613 54.7102 0
      vertex 60.8717 55.0339 0
      vertex 59.613 54.7102 5
    endloop
  endfacet
  facet normal 0.343822 -0.939035 0
    outer loop
      vertex 62.0787 55.4759 0
      vertex 62.0787 55.4759 5
      vertex 60.8717 55.0339 5
    endloop
  endfacet
  facet normal 0.343822 -0.939035 0
    outer loop
      vertex 60.8717 55.0339 0
      vertex 62.0787 55.4759 0
      vertex 60.8717 55.0339 5
    endloop
  endfacet
  facet normal 0.434055 -0.900886 0
    outer loop
      vertex 63.2268 56.029 0
      vertex 63.2268 56.029 5
      vertex 62.0787 55.4759 5
    endloop
  endfacet
  facet normal 0.434055 -0.900886 0
    outer loop
      vertex 62.0787 55.4759 0
      vertex 63.2268 56.029 0
      vertex 62.0787 55.4759 5
    endloop
  endfacet
  facet normal 0.519106 -0.85471 0
    outer loop
      vertex 64.31 56.6869 0
      vertex 64.31 56.6869 5
      vertex 63.2268 56.029 5
    endloop
  endfacet
  facet normal 0.519106 -0.85471 0
    outer loop
      vertex 63.2268 56.029 0
      vertex 64.31 56.6869 0
      vertex 63.2268 56.029 5
    endloop
  endfacet
  facet normal 0.598819 -0.800884 0
    outer loop
      vertex 65.3212 57.4429 0
      vertex 65.3212 57.4429 5
      vertex 64.31 56.6869 5
    endloop
  endfacet
  facet normal 0.598819 -0.800884 0
    outer loop
      vertex 64.31 56.6869 0
      vertex 65.3212 57.4429 0
      vertex 64.31 56.6869 5
    endloop
  endfacet
  facet normal 0.672617 -0.739991 0
    outer loop
      vertex 66.2542 58.291 0
      vertex 66.2542 58.291 5
      vertex 65.3212 57.4429 5
    endloop
  endfacet
  facet normal 0.672617 -0.739991 0
    outer loop
      vertex 65.3212 57.4429 0
      vertex 66.2542 58.291 0
      vertex 65.3212 57.4429 5
    endloop
  endfacet
  facet normal 0.740001 -0.672606 0
    outer loop
      vertex 67.102 59.2238 0
      vertex 67.102 59.2238 5
      vertex 66.2542 58.291 5
    endloop
  endfacet
  facet normal 0.740001 -0.672606 0
    outer loop
      vertex 66.2542 58.291 0
      vertex 67.102 59.2238 0
      vertex 66.2542 58.291 5
    endloop
  endfacet
  facet normal 0.800884 -0.598819 0
    outer loop
      vertex 67.8581 60.235 0
      vertex 67.8581 60.235 5
      vertex 67.102 59.2238 5
    endloop
  endfacet
  facet normal 0.800884 -0.598819 0
    outer loop
      vertex 67.102 59.2238 0
      vertex 67.8581 60.235 0
      vertex 67.102 59.2238 5
    endloop
  endfacet
  facet normal 0.854611 -0.519269 0
    outer loop
      vertex 68.5162 61.3181 0
      vertex 68.5162 61.3181 5
      vertex 67.8581 60.235 5
    endloop
  endfacet
  facet normal 0.854611 -0.519269 0
    outer loop
      vertex 67.8581 60.235 0
      vertex 68.5162 61.3181 0
      vertex 67.8581 60.235 5
    endloop
  endfacet
  facet normal 0.900928 -0.433969 0
    outer loop
      vertex 69.0694 62.4665 0
      vertex 69.0694 62.4665 5
      vertex 68.5162 61.3181 5
    endloop
  endfacet
  facet normal 0.900928 -0.433969 0
    outer loop
      vertex 68.5162 61.3181 0
      vertex 69.0694 62.4665 0
      vertex 68.5162 61.3181 5
    endloop
  endfacet
  facet normal 0.93908 -0.3437 0
    outer loop
      vertex 69.5111 63.6733 0
      vertex 69.5111 63.6733 5
      vertex 69.0694 62.4665 5
    endloop
  endfacet
  facet normal 0.93908 -0.3437 0
    outer loop
      vertex 69.0694 62.4665 0
      vertex 69.5111 63.6733 0
      vertex 69.0694 62.4665 5
    endloop
  endfacet
  facet normal 0.968499 -0.249018 0
    outer loop
      vertex 69.8348 64.9323 0
      vertex 69.8348 64.9323 5
      vertex 69.5111 63.6733 5
    endloop
  endfacet
  facet normal 0.968499 -0.249018 0
    outer loop
      vertex 69.5111 63.6733 0
      vertex 69.8348 64.9323 0
      vertex 69.5111 63.6733 5
    endloop
  endfacet
  facet normal 0.988561 -0.150819 0
    outer loop
      vertex 70.0337 66.2364 0
      vertex 70.0337 66.2364 5
      vertex 69.8348 64.9323 5
    endloop
  endfacet
  facet normal 0.988561 -0.150819 0
    outer loop
      vertex 69.8348 64.9323 0
      vertex 70.0337 66.2364 0
      vertex 69.8348 64.9323 5
    endloop
  endfacet
  facet normal 0.998731 -0.0503668 0
    outer loop
      vertex 70.1015 67.5795 0
      vertex 70.1015 67.5795 5
      vertex 70.0337 66.2364 5
    endloop
  endfacet
  facet normal 0.998731 -0.0503668 0
    outer loop
      vertex 70.0337 66.2364 0
      vertex 70.1015 67.5795 0
      vertex 70.0337 66.2364 5
    endloop
  endfacet
  facet normal 0.998731 0.0503668 0
    outer loop
      vertex 70.0337 68.9226 5
      vertex 70.1015 67.5795 5
      vertex 70.1015 67.5795 0
    endloop
  endfacet
  facet normal 0.998731 0.0503668 0
    outer loop
      vertex 70.0337 68.9226 0
      vertex 70.0337 68.9226 5
      vertex 70.1015 67.5795 0
    endloop
  endfacet
  facet normal 0.988561 0.150819 0
    outer loop
      vertex 69.8348 70.2268 5
      vertex 70.0337 68.9226 5
      vertex 70.0337 68.9226 0
    endloop
  endfacet
  facet normal 0.988561 0.150819 0
    outer loop
      vertex 69.8348 70.2268 0
      vertex 69.8348 70.2268 5
      vertex 70.0337 68.9226 0
    endloop
  endfacet
  facet normal 0.968499 0.249018 0
    outer loop
      vertex 69.5111 71.4858 5
      vertex 69.8348 70.2268 5
      vertex 69.8348 70.2268 0
    endloop
  endfacet
  facet normal 0.968499 0.249018 0
    outer loop
      vertex 69.5111 71.4858 0
      vertex 69.5111 71.4858 5
      vertex 69.8348 70.2268 0
    endloop
  endfacet
  facet normal 0.939106 0.343629 0
    outer loop
      vertex 69.0694 72.6928 5
      vertex 69.5111 71.4858 5
      vertex 69.5111 71.4858 0
    endloop
  endfacet
  facet normal 0.939106 0.343629 0
    outer loop
      vertex 69.0694 72.6928 0
      vertex 69.0694 72.6928 5
      vertex 69.5111 71.4858 0
    endloop
  endfacet
  facet normal 0.900886 0.434055 0
    outer loop
      vertex 68.5162 73.8409 5
      vertex 69.0694 72.6928 5
      vertex 69.0694 72.6928 0
    endloop
  endfacet
  facet normal 0.900886 0.434055 0
    outer loop
      vertex 68.5162 73.8409 0
      vertex 68.5162 73.8409 5
      vertex 69.0694 72.6928 0
    endloop
  endfacet
  facet normal 0.854611 0.519269 0
    outer loop
      vertex 67.8581 74.9241 5
      vertex 68.5162 73.8409 5
      vertex 68.5162 73.8409 0
    endloop
  endfacet
  facet normal 0.854611 0.519269 0
    outer loop
      vertex 67.8581 74.9241 0
      vertex 67.8581 74.9241 5
      vertex 68.5162 73.8409 0
    endloop
  endfacet
  facet normal 0.800884 0.598819 0
    outer loop
      vertex 67.102 75.9353 5
      vertex 67.8581 74.9241 5
      vertex 67.8581 74.9241 0
    endloop
  endfacet
  facet normal 0.800884 0.598819 0
    outer loop
      vertex 67.102 75.9353 0
      vertex 67.102 75.9353 5
      vertex 67.8581 74.9241 0
    endloop
  endfacet
  facet normal 0.740001 0.672606 0
    outer loop
      vertex 66.2542 76.868 5
      vertex 67.102 75.9353 5
      vertex 67.102 75.9353 0
    endloop
  endfacet
  facet normal 0.740001 0.672606 0
    outer loop
      vertex 66.2542 76.868 0
      vertex 66.2542 76.868 5
      vertex 67.102 75.9353 0
    endloop
  endfacet
  facet normal 0.672617 0.739991 -0
    outer loop
      vertex 66.2542 76.868 5
      vertex 66.2542 76.868 0
      vertex 65.3212 77.7161 5
    endloop
  endfacet
  facet normal 0.672617 0.739991 -0
    outer loop
      vertex 65.3212 77.7161 5
      vertex 66.2542 76.868 0
      vertex 65.3212 77.7161 0
    endloop
  endfacet
  facet normal 0.598819 0.800884 -0
    outer loop
      vertex 65.3212 77.7161 5
      vertex 65.3212 77.7161 0
      vertex 64.31 78.4722 5
    endloop
  endfacet
  facet normal 0.598819 0.800884 -0
    outer loop
      vertex 64.31 78.4722 5
      vertex 65.3212 77.7161 0
      vertex 64.31 78.4722 0
    endloop
  endfacet
  facet normal 0.519106 0.85471 -0
    outer loop
      vertex 64.31 78.4722 5
      vertex 64.31 78.4722 0
      vertex 63.2268 79.13 5
    endloop
  endfacet
  facet normal 0.519106 0.85471 -0
    outer loop
      vertex 63.2268 79.13 5
      vertex 64.31 78.4722 0
      vertex 63.2268 79.13 0
    endloop
  endfacet
  facet normal 0.434055 0.900886 -0
    outer loop
      vertex 63.2268 79.13 5
      vertex 63.2268 79.13 0
      vertex 62.0787 79.6832 5
    endloop
  endfacet
  facet normal 0.434055 0.900886 -0
    outer loop
      vertex 62.0787 79.6832 5
      vertex 63.2268 79.13 0
      vertex 62.0787 79.6832 0
    endloop
  endfacet
  facet normal 0.343822 0.939035 -0
    outer loop
      vertex 62.0787 79.6832 5
      vertex 62.0787 79.6832 0
      vertex 60.8717 80.1251 5
    endloop
  endfacet
  facet normal 0.343822 0.939035 -0
    outer loop
      vertex 60.8717 80.1251 5
      vertex 62.0787 79.6832 0
      vertex 60.8717 80.1251 0
    endloop
  endfacet
  facet normal 0.24907 0.968485 -0
    outer loop
      vertex 60.8717 80.1251 5
      vertex 60.8717 80.1251 0
      vertex 59.613 80.4489 5
    endloop
  endfacet
  facet normal 0.24907 0.968485 -0
    outer loop
      vertex 59.613 80.4489 5
      vertex 60.8717 80.1251 0
      vertex 59.613 80.4489 0
    endloop
  endfacet
  facet normal 0.150787 0.988566 -0
    outer loop
      vertex 59.613 80.4489 5
      vertex 59.613 80.4489 0
      vertex 58.3085 80.6478 5
    endloop
  endfacet
  facet normal 0.150787 0.988566 -0
    outer loop
      vertex 58.3085 80.6478 5
      vertex 59.613 80.4489 0
      vertex 58.3085 80.6478 0
    endloop
  endfacet
  facet normal 0.0503668 0.998731 -0
    outer loop
      vertex 58.3085 80.6478 5
      vertex 58.3085 80.6478 0
      vertex 56.9654 80.7156 5
    endloop
  endfacet
  facet normal 0.0503668 0.998731 -0
    outer loop
      vertex 56.9654 80.7156 5
      vertex 58.3085 80.6478 0
      vertex 56.9654 80.7156 0
    endloop
  endfacet
  facet normal -0.0503668 0.998731 0
    outer loop
      vertex 56.9654 80.7156 5
      vertex 56.9654 80.7156 0
      vertex 55.6223 80.6478 5
    endloop
  endfacet
  facet normal -0.0503668 0.998731 0
    outer loop
      vertex 55.6223 80.6478 5
      vertex 56.9654 80.7156 0
      vertex 55.6223 80.6478 0
    endloop
  endfacet
  facet normal -0.150819 0.988561 0
    outer loop
      vertex 55.6223 80.6478 5
      vertex 55.6223 80.6478 0
      vertex 54.3182 80.4489 5
    endloop
  endfacet
  facet normal -0.150819 0.988561 0
    outer loop
      vertex 54.3182 80.4489 5
      vertex 55.6223 80.6478 0
      vertex 54.3182 80.4489 0
    endloop
  endfacet
  facet normal -0.249018 0.968499 0
    outer loop
      vertex 54.3182 80.4489 5
      vertex 54.3182 80.4489 0
      vertex 53.0592 80.1251 5
    endloop
  endfacet
  facet normal -0.249018 0.968499 0
    outer loop
      vertex 53.0592 80.1251 5
      vertex 54.3182 80.4489 0
      vertex 53.0592 80.1251 0
    endloop
  endfacet
  facet normal -0.343893 0.939009 0
    outer loop
      vertex 53.0592 80.1251 5
      vertex 53.0592 80.1251 0
      vertex 51.8524 79.6832 5
    endloop
  endfacet
  facet normal -0.343893 0.939009 0
    outer loop
      vertex 51.8524 79.6832 5
      vertex 53.0592 80.1251 0
      vertex 51.8524 79.6832 0
    endloop
  endfacet
  facet normal -0.433969 0.900928 0
    outer loop
      vertex 51.8524 79.6832 5
      vertex 51.8524 79.6832 0
      vertex 50.704 79.13 5
    endloop
  endfacet
  facet normal -0.433969 0.900928 0
    outer loop
      vertex 50.704 79.13 5
      vertex 51.8524 79.6832 0
      vertex 50.704 79.13 0
    endloop
  endfacet
  facet normal -0.519106 0.85471 0
    outer loop
      vertex 50.704 79.13 5
      vertex 50.704 79.13 0
      vertex 49.6209 78.4722 5
    endloop
  endfacet
  facet normal -0.519106 0.85471 0
    outer loop
      vertex 49.6209 78.4722 5
      vertex 50.704 79.13 0
      vertex 49.6209 78.4722 0
    endloop
  endfacet
  facet normal -0.598819 0.800884 0
    outer loop
      vertex 49.6209 78.4722 5
      vertex 49.6209 78.4722 0
      vertex 48.6097 77.7161 5
    endloop
  endfacet
  facet normal -0.598819 0.800884 0
    outer loop
      vertex 48.6097 77.7161 5
      vertex 49.6209 78.4722 0
      vertex 48.6097 77.7161 0
    endloop
  endfacet
  facet normal -0.672729 0.739889 0
    outer loop
      vertex 48.6097 77.7161 5
      vertex 48.6097 77.7161 0
      vertex 47.6769 76.868 5
    endloop
  endfacet
  facet normal -0.672729 0.739889 0
    outer loop
      vertex 47.6769 76.868 5
      vertex 48.6097 77.7161 0
      vertex 47.6769 76.868 0
    endloop
  endfacet
  facet normal -0.740001 0.672606 0
    outer loop
      vertex 47.6769 76.868 5
      vertex 47.6769 76.868 0
      vertex 46.8291 75.9353 5
    endloop
  endfacet
  facet normal -0.740001 0.672606 0
    outer loop
      vertex 46.8291 75.9353 5
      vertex 47.6769 76.868 0
      vertex 46.8291 75.9353 0
    endloop
  endfacet
  facet normal -0.800777 0.598962 0
    outer loop
      vertex 46.8291 75.9353 5
      vertex 46.8291 75.9353 0
      vertex 46.0728 74.9241 5
    endloop
  endfacet
  facet normal -0.800777 0.598962 0
    outer loop
      vertex 46.0728 74.9241 5
      vertex 46.8291 75.9353 0
      vertex 46.0728 74.9241 0
    endloop
  endfacet
  facet normal -0.85471 0.519106 0
    outer loop
      vertex 46.0728 74.9241 5
      vertex 46.0728 74.9241 0
      vertex 45.4149 73.8409 5
    endloop
  endfacet
  facet normal -0.85471 0.519106 0
    outer loop
      vertex 45.4149 73.8409 5
      vertex 46.0728 74.9241 0
      vertex 45.4149 73.8409 0
    endloop
  endfacet
  facet normal -0.900886 0.434055 0
    outer loop
      vertex 45.4149 73.8409 5
      vertex 45.4149 73.8409 0
      vertex 44.8618 72.6928 5
    endloop
  endfacet
  facet normal -0.900886 0.434055 0
    outer loop
      vertex 44.8618 72.6928 5
      vertex 45.4149 73.8409 0
      vertex 44.8618 72.6928 0
    endloop
  endfacet
  facet normal -0.939106 0.343629 0
    outer loop
      vertex 44.8618 72.6928 5
      vertex 44.8618 72.6928 0
      vertex 44.4201 71.4858 5
    endloop
  endfacet
  facet normal -0.939106 0.343629 0
    outer loop
      vertex 44.4201 71.4858 5
      vertex 44.8618 72.6928 0
      vertex 44.4201 71.4858 0
    endloop
  endfacet
  facet normal -0.968499 0.249018 0
    outer loop
      vertex 44.4201 71.4858 5
      vertex 44.4201 71.4858 0
      vertex 44.0964 70.2268 5
    endloop
  endfacet
  facet normal -0.968499 0.249018 0
    outer loop
      vertex 44.0964 70.2268 5
      vertex 44.4201 71.4858 0
      vertex 44.0964 70.2268 0
    endloop
  endfacet
endsolid OpenSCAD_Model
